freq;iccs;unit;geo\TIME_PERIOD,2008 ,2009 ,2010 ,2011 ,2012 ,2013 ,2014 ,2015 ,2016 ,2017 ,2018 
A;ICCS0101;NR;AL,88 ,82 ,118 ,124 ,125 ,107 ,98 ,54 ,71 ,52 ,51 
A;ICCS0101;NR;AT,58 ,51 ,61 ,80 ,88 ,63 ,43 ,42 ,49 ,61 ,73 
A;ICCS0101;NR;BA,66 ,67 ,54 ,49 ,60 ,46 ,49 ,56 ,42 ,34 ,36 
A;ICCS0101;NR;BE,204 ,189 ,189 ,214 ,206 ,204 ,210 ,231 ,174 ,196 ,177 
A;ICCS0101;NR;BG,172 ,150 ,148 ,128 ,141 ,109 ,112 ,126 ,79 ,95 ,92 
A;ICCS0101;NR;CH,54 ,51 ,53 ,46 ,45 ,57 ,41 ,57 ,45 ,45 ,50 
A;ICCS0101;NR;CY,9 ,19 ,7 ,8 ,19 ,11 ,10 ,12 ,11 ,7 ,14 
A;ICCS0101;NR;CZ,113 ,105 ,105 ,83 ,95 ,90 ,81 ,88 ,65 ,40 ,55 
A;ICCS0101;NR;DE,656 ,721 ,699 ,689 ,619 ,623 ,645 ,655 ,747 ,738 ,632 
A;ICCS0101;NR;DK,53 ,56 ,49 ,49 ,43 ,41 ,62 ,52 ,53 ,61 ,54 
A;ICCS0101;NR;EE,84 ,70 ,70 ,65 ,63 ,52 ,41 ,50 ,33 ,29 ,25 
A;ICCS0101;NR;EL,139 ,143 ,176 ,184 ,165 ,141 ,105 ,86 ,81 ,78 ,94 
A;ICCS0101;NR;ES,407 ,412 ,401 ,385 ,364 ,302 ,323 ,302 ,294 ,307 ,290 
A;ICCS0101;NR;FI,133 ,120 ,119 ,110 ,88 ,89 ,88 ,82 ,74 ,68 ,90 
A;ICCS0101;NR;FR,975 ,804 ,797 ,874 ,814 ,802 ,765 ,1029 ,884 ,813 ,779 
A;ICCS0101;NR;HR,71 ,49 ,62 ,49 ,51 ,46 ,36 ,37 ,44 ,46 ,24 
A;ICCS0101;NR;HU,147 ,139 ,133 ,142 ,113 ,138 ,129 ,202 ,91 ,85 ,83 
A;ICCS0101;NR;IE,51 ,53 ,55 ,42 ,52 ,51 ,53 ,30 ,35 ,42 ,42 
A;ICCS0101;NR;IS,0 ,1 ,2 ,3 ,1 ,1 ,2 ,3 ,1 ,3 ,2 
A;ICCS0101;NR;IT,615 ,590 ,529 ,552 ,530 ,506 ,487 ,471 ,404 ,371 ,345 
A;ICCS0101;NR;LI,1 ,0 ,1 ,0 ,0 ,0 ,1 ,0 ,0 ,1 ,1 
A;ICCS0101;NR;LT,286 ,240 ,199 ,189 ,181 ,172 ,155 ,168 ,142 ,113 ,97 
A;ICCS0101;NR;LU,7 ,5 ,8 ,4 ,3 ,2 ,4 ,5 ,5 ,2 ,3 
A;ICCS0101;NR;LV,99 ,108 ,70 ,69 ,97 ,69 ,77 ,81 ,111 ,109 ,101 
A;ICCS0101;NR;ME,22 ,10 ,13 ,19 ,15 ,9 ,19 ,17 ,24 ,11 ,13 
A;ICCS0101;NR;MK,35 ,35 ,39 ,27 ,28 ,20 ,25 ,21 ,17 ,25 ,: 
A;ICCS0101;NR;MT,6 ,4 ,4 ,3 ,10 ,6 ,6 ,4 ,5 ,9 ,6 
A;ICCS0101;NR;NL,150 ,154 ,: ,: ,: ,147 ,144 ,120 ,108 ,158 ,119 
A;ICCS0101;NR;NO,34 ,29 ,29 ,111 ,27 ,47 ,29 ,24 ,27 ,28 ,25 
A;ICCS0101;NR;PL,460 ,493 ,436 ,449 ,377 ,296 ,282 ,287 ,256 ,278 ,265 
A;ICCS0101;NR;PT,124 ,130 ,124 ,114 ,122 ,144 ,92 ,100 ,66 ,76 ,81 
A;ICCS0101;NR;RO,470 ,397 ,404 ,335 ,378 ,336 ,298 ,291 ,247 ,256 ,267 
A;ICCS0101;NR;RS,128 ,136 ,114 ,114 ,104 ,132 ,114 ,96 ,106 ,79 ,104 
A;ICCS0101;NR;SE,82 ,93 ,91 ,81 ,68 ,87 ,87 ,112 ,106 ,113 ,108 
A;ICCS0101;NR;SI,11 ,13 ,11 ,17 ,14 ,12 ,17 ,20 ,10 ,19 ,10 
A;ICCS0101;NR;SK,94 ,84 ,89 ,96 ,75 ,78 ,72 ,48 ,60 ,80 ,67 
A;ICCS0101;NR;TR,: ,2090 ,1766 ,1688 ,1806 ,: ,: ,: ,: ,: ,: 
A;ICCS0101;NR;UKC-L,638 ,595 ,632 ,526 ,544 ,521 ,510 ,546 ,675 ,704 ,671 
A;ICCS0101;NR;UKM,95 ,84 ,100 ,93 ,63 ,61 ,62 ,59 ,62 ,59 ,60 
A;ICCS0101;NR;UKN,24 ,29 ,23 ,23 ,21 ,20 ,17 ,24 ,18 ,24 ,23 
A;ICCS0101;NR;XK,113 ,73 ,106 ,62 ,90 ,41 ,38 ,27 ,29 ,33 ,43 
A;ICCS0101;P_HTHAB;AL,2.78 ,2.57 ,: ,4.38 ,: ,: ,3.38 ,1.86 ,2.46 ,1.81 ,1.78 
A;ICCS0101;P_HTHAB;AT,0.70 ,0.61 ,0.73 ,0.96 ,1.05 ,0.75 ,0.51 ,0.49 ,0.56 ,0.70 ,0.83 
A;ICCS0101;P_HTHAB;BA,1.72 ,1.74 ,1.40 ,1.27 ,1.56 ,: ,: ,: ,: ,: ,: 
A;ICCS0101;P_HTHAB;BE,1.91 ,1.76 ,1.74 ,1.95 ,1.86 ,1.83 ,1.88 ,2.06 ,1.54 ,1.73 ,1.55 
A;ICCS0101;P_HTHAB;BG,2.29 ,2.01 ,1.99 ,1.74 ,1.92 ,1.50 ,1.55 ,1.75 ,1.10 ,1.34 ,1.30 
A;ICCS0101;P_HTHAB;CH,0.71 ,0.66 ,0.68 ,0.58 ,0.57 ,0.71 ,0.50 ,0.69 ,0.54 ,0.53 ,0.59 
A;ICCS0101;P_HTHAB;CY,1.16 ,2.38 ,0.85 ,0.95 ,2.20 ,1.27 ,1.17 ,1.42 ,1.30 ,0.82 ,1.62 
A;ICCS0101;P_HTHAB;CZ,1.09 ,1.01 ,1.00 ,0.79 ,0.90 ,0.86 ,0.77 ,0.84 ,0.62 ,0.38 ,0.52 
A;ICCS0101;P_HTHAB;DE,0.80 ,0.88 ,0.85 ,0.86 ,0.77 ,0.77 ,0.80 ,0.81 ,0.91 ,0.89 ,0.76 
A;ICCS0101;P_HTHAB;DK,0.96 ,1.01 ,0.89 ,0.88 ,0.77 ,0.73 ,1.10 ,0.92 ,0.93 ,1.06 ,0.93 
A;ICCS0101;P_HTHAB;EE,6.28 ,5.24 ,5.25 ,4.89 ,4.75 ,3.94 ,3.12 ,3.80 ,2.51 ,2.20 ,1.90 
A;ICCS0101;P_HTHAB;EL,1.29 ,1.36 ,1.58 ,1.65 ,1.49 ,1.28 ,0.96 ,0.79 ,0.75 ,0.72 ,0.88 
A;ICCS0101;P_HTHAB;ES,0.89 ,0.89 ,0.86 ,0.82 ,0.78 ,0.65 ,0.69 ,0.65 ,0.63 ,0.66 ,0.62 
A;ICCS0101;P_HTHAB;FI,2.51 ,2.25 ,2.22 ,2.05 ,1.63 ,1.64 ,1.61 ,1.50 ,1.35 ,1.24 ,1.63 
A;ICCS0101;P_HTHAB;FR,1.52 ,1.25 ,1.23 ,1.35 ,1.25 ,1.22 ,1.16 ,1.55 ,1.33 ,1.22 ,1.16 
A;ICCS0101;P_HTHAB;HR,1.65 ,1.14 ,1.44 ,1.14 ,1.19 ,1.08 ,0.85 ,0.88 ,1.05 ,1.11 ,0.58 
A;ICCS0101;P_HTHAB;HU,1.46 ,1.39 ,1.33 ,1.42 ,1.14 ,1.39 ,1.31 ,2.05 ,0.93 ,0.87 ,0.85 
A;ICCS0101;P_HTHAB;IE,1.14 ,1.17 ,1.21 ,0.92 ,1.13 ,1.11 ,1.15 ,0.64 ,0.74 ,0.88 ,0.87 
A;ICCS0101;P_HTHAB;IS,0.00 ,0.31 ,0.63 ,0.94 ,0.31 ,0.31 ,0.61 ,0.91 ,0.30 ,0.89 ,0.57 
A;ICCS0101;P_HTHAB;IT,1.05 ,1.00 ,0.89 ,0.93 ,0.89 ,0.85 ,0.80 ,0.77 ,0.67 ,0.61 ,0.57 
A;ICCS0101;P_HTHAB;LI,2.83 ,0.00 ,2.79 ,0.00 ,0.00 ,0.00 ,2.69 ,0.00 ,0.00 ,2.64 ,2.62 
A;ICCS0101;P_HTHAB;LT,8.90 ,7.54 ,6.33 ,6.19 ,6.03 ,5.79 ,5.27 ,5.75 ,4.92 ,3.97 ,3.45 
A;ICCS0101;P_HTHAB;LU,1.45 ,1.01 ,1.59 ,0.78 ,0.57 ,0.37 ,0.73 ,0.89 ,0.87 ,0.34 ,0.50 
A;ICCS0101;P_HTHAB;LV,4.52 ,4.99 ,3.30 ,3.33 ,4.74 ,3.41 ,3.85 ,4.08 ,5.64 ,5.59 ,5.22 
A;ICCS0101;P_HTHAB;ME,3.57 ,1.62 ,2.10 ,3.07 ,2.42 ,1.45 ,3.06 ,2.73 ,3.86 ,1.77 ,2.09 
A;ICCS0101;P_HTHAB;MK,1.71 ,1.71 ,1.90 ,1.31 ,1.36 ,0.97 ,1.21 ,1.01 ,0.82 ,1.21 ,: 
A;ICCS0101;P_HTHAB;MT,1.47 ,0.97 ,0.97 ,0.72 ,2.39 ,1.42 ,1.41 ,0.93 ,1.11 ,1.96 ,1.26 
A;ICCS0101;P_HTHAB;NL,0.91 ,0.93 ,: ,: ,: ,0.88 ,0.86 ,0.71 ,0.64 ,0.92 ,0.69 
A;ICCS0101;P_HTHAB;NO,0.72 ,0.60 ,0.60 ,2.26 ,0.54 ,0.93 ,0.57 ,0.46 ,0.52 ,0.53 ,0.47 
A;ICCS0101;P_HTHAB;PL,1.21 ,1.29 ,1.15 ,1.18 ,0.99 ,0.78 ,0.74 ,0.76 ,0.67 ,0.73 ,0.70 
A;ICCS0101;P_HTHAB;PT,1.17 ,1.23 ,1.17 ,1.08 ,1.16 ,1.37 ,0.88 ,0.96 ,0.64 ,0.74 ,0.79 
A;ICCS0101;P_HTHAB;RO,2.28 ,1.94 ,1.88 ,1.56 ,1.88 ,1.68 ,1.49 ,1.46 ,1.25 ,1.30 ,1.37 
A;ICCS0101;P_HTHAB;RS,1.74 ,1.85 ,1.56 ,1.57 ,1.44 ,1.84 ,1.60 ,1.35 ,1.50 ,1.12 ,1.49 
A;ICCS0101;P_HTHAB;SE,0.89 ,1.00 ,0.97 ,0.86 ,0.72 ,0.91 ,0.90 ,1.15 ,1.08 ,1.13 ,1.07 
A;ICCS0101;P_HTHAB;SI,0.55 ,0.64 ,0.54 ,0.83 ,0.68 ,0.58 ,0.82 ,0.97 ,0.48 ,0.92 ,0.48 
A;ICCS0101;P_HTHAB;SK,1.75 ,1.56 ,1.65 ,1.78 ,1.39 ,1.44 ,1.33 ,0.89 ,1.11 ,1.47 ,1.23 
A;ICCS0101;P_HTHAB;TR,: ,2.92 ,2.43 ,2.29 ,2.42 ,: ,: ,: ,: ,: ,: 
A;ICCS0101;P_HTHAB;UKC-L,1.17 ,1.08 ,1.14 ,0.94 ,0.97 ,0.92 ,0.89 ,0.95 ,1.16 ,1.20 ,1.14 
A;ICCS0101;P_HTHAB;UKM,1.83 ,1.61 ,1.91 ,1.76 ,1.19 ,1.15 ,1.16 ,1.10 ,1.15 ,1.09 ,1.10 
A;ICCS0101;P_HTHAB;UKN,1.36 ,1.62 ,1.28 ,1.27 ,1.15 ,1.09 ,0.93 ,1.30 ,0.97 ,1.29 ,1.23 
A;ICCS0101;P_HTHAB;XK,5.25 ,3.35 ,4.80 ,3.46 ,: ,: ,: ,: ,1.64 ,1.85 ,2.39 
A;ICCS0102;NR;AL,242 ,231 ,211 ,214 ,220 ,206 ,181 ,138 ,132 ,129 ,114 
A;ICCS0102;NR;AT,58 ,102 ,112 ,105 ,109 ,105 ,70 ,96 ,99 ,151 ,131 
A;ICCS0102;NR;BA,92 ,: ,67 ,50 ,47 ,59 ,70 ,54 ,60 ,59 ,14 
A;ICCS0102;NR;BE,682 ,746 ,762 ,858 ,836 ,809 ,849 ,880 ,881 ,967 ,1014 
A;ICCS0102;NR;BG,60 ,66 ,62 ,61 ,45 ,67 ,46 ,33 ,76 ,31 ,46 
A;ICCS0102;NR;CH,111 ,185 ,187 ,184 ,184 ,152 ,132 ,141 ,187 ,191 ,149 
A;ICCS0102;NR;CY,13 ,19 ,11 ,13 ,12 ,8 ,10 ,11 ,7 ,10 ,8 
A;ICCS0102;NR;CZ,89 ,76 ,68 ,90 ,93 ,92 ,79 ,67 ,71 ,45 ,43 
A;ICCS0102;NR;DE,1610 ,1649 ,1617 ,1560 ,1588 ,1591 ,1625 ,1551 ,1757 ,1722 ,1927 
A;ICCS0102;NR;DK,197 ,208 ,152 ,148 ,142 ,165 ,148 ,141 ,194 ,212 ,209 
A;ICCS0102;NR;EE,20 ,25 ,14 ,35 ,17 ,10 ,14 ,17 ,11 ,16 ,18 
A;ICCS0102;NR;EL,165 ,187 ,193 ,182 ,185 ,177 ,155 ,169 ,132 ,150 ,124 
A;ICCS0102;NR;ES,887 ,831 ,765 ,817 ,761 ,662 ,725 ,715 ,813 ,820 ,829 
A;ICCS0102;NR;FI,363 ,366 ,307 ,308 ,349 ,264 ,327 ,299 ,311 ,348 ,355 
A;ICCS0102;NR;FR,1168 ,1074 ,1210 ,1327 ,1560 ,1503 ,1678 ,2112 ,2407 ,2542 ,2713 
A;ICCS0102;NR;HR,: ,: ,125 ,123 ,101 ,126 ,113 ,105 ,93 ,125 ,90 
A;ICCS0102;NR;HU,145 ,136 ,143 ,133 ,108 ,105 ,106 ,86 ,97 ,72 ,59 
A;ICCS0102;NR;IE,11 ,7 ,7 ,8 ,9 ,13 ,15 ,13 ,24 ,14 ,14 
A;ICCS0102;NR;IS,: ,4 ,4 ,3 ,6 ,5 ,5 ,1 ,6 ,8 ,5 
A;ICCS0102;NR;IT,1621 ,1346 ,1309 ,1399 ,1327 ,1222 ,1250 ,1203 ,1079 ,1098 ,1050 
A;ICCS0102;NR;LI,1 ,0 ,0 ,3 ,0 ,0 ,1 ,0 ,0 ,: ,: 
A;ICCS0102;NR;LT,15 ,19 ,18 ,23 ,18 ,14 ,19 ,21 ,19 ,16 ,31 
A;ICCS0102;NR;LU,84 ,79 ,77 ,89 ,110 ,83 ,84 ,65 ,72 ,74 ,69 
A;ICCS0102;NR;LV,20 ,0 ,13 ,22 ,13 ,5 ,4 ,2 ,14 ,18 ,23 
A;ICCS0102;NR;ME,18 ,41 ,42 ,17 ,16 ,40 ,54 ,40 ,35 ,51 ,37 
A;ICCS0102;NR;MK,41 ,46 ,38 ,39 ,48 ,52 ,75 ,47 ,58 ,56 ,: 
A;ICCS0102;NR;MT,5 ,6 ,4 ,6 ,6 ,3 ,5 ,1 ,1 ,6 ,6 
A;ICCS0102;NR;NL,1500 ,3041 ,3841 ,3957 ,3615 ,3260 ,: ,: ,: ,: ,: 
A;ICCS0102;NR;NO,49 ,46 ,47 ,39 ,50 ,57 ,60 ,61 ,41 ,49 ,70 
A;ICCS0102;NR;PL,298 ,266 ,241 ,209 ,201 ,233 ,210 ,172 ,170 ,221 ,230 
A;ICCS0102;NR;RO,410 ,387 ,513 ,502 ,591 ,595 ,492 ,482 ,438 ,384 ,445 
A;ICCS0102;NR;RS,204 ,211 ,204 ,186 ,203 ,221 ,172 ,138 ,152 ,111 ,95 
A;ICCS0102;NR;SE,751 ,791 ,792 ,842 ,798 ,728 ,792 ,838 ,879 ,909 ,868 
A;ICCS0102;NR;SI,19 ,38 ,31 ,34 ,30 ,28 ,16 ,26 ,26 ,41 ,46 
A;ICCS0102;NR;SK,0 ,0 ,0 ,0 ,0 ,78 ,72 ,48 ,: ,80 ,: 
A;ICCS0102;NR;UKM,698 ,614 ,518 ,542 ,403 ,317 ,263 ,293 ,236 ,245 ,310 
A;ICCS0102;NR;UKN,121 ,114 ,118 ,111 ,116 ,102 ,111 ,112 ,78 ,99 ,74 
A;ICCS0102;NR;XK,157 ,183 ,151 ,197 ,161 ,168 ,167 ,156 ,147 ,134 ,139 
A;ICCS0102;P_HTHAB;AL,7.63 ,7.25 ,: ,7.56 ,: ,: ,6.25 ,4.78 ,4.57 ,4.48 ,3.97 
A;ICCS0102;P_HTHAB;AT,0.70 ,1.22 ,1.34 ,1.25 ,1.30 ,1.24 ,0.82 ,1.12 ,1.14 ,1.72 ,1.48 
A;ICCS0102;P_HTHAB;BA,2.39 ,: ,1.74 ,1.30 ,1.22 ,: ,: ,: ,: ,: ,: 
A;ICCS0102;P_HTHAB;BE,6.39 ,6.94 ,7.03 ,7.80 ,7.55 ,7.26 ,7.59 ,7.83 ,7.79 ,8.52 ,8.90 
A;ICCS0102;P_HTHAB;BG,0.80 ,0.88 ,0.84 ,0.83 ,0.61 ,0.92 ,0.63 ,0.46 ,1.06 ,0.44 ,0.65 
A;ICCS0102;P_HTHAB;CH,1.46 ,2.40 ,2.40 ,2.34 ,2.31 ,1.89 ,1.62 ,1.71 ,2.25 ,2.27 ,1.76 
A;ICCS0102;P_HTHAB;CY,1.67 ,2.38 ,1.34 ,1.55 ,1.39 ,0.92 ,1.17 ,1.30 ,0.83 ,1.17 ,0.93 
A;ICCS0102;P_HTHAB;CZ,0.86 ,0.73 ,0.65 ,0.86 ,0.89 ,0.87 ,0.75 ,0.64 ,0.67 ,0.43 ,0.41 
A;ICCS0102;P_HTHAB;DE,1.96 ,2.01 ,1.98 ,1.94 ,1.98 ,1.98 ,2.01 ,1.91 ,2.14 ,2.09 ,2.33 
A;ICCS0102;P_HTHAB;DK,3.59 ,3.77 ,2.75 ,2.66 ,2.54 ,2.95 ,2.63 ,2.49 ,3.40 ,3.69 ,3.62 
A;ICCS0102;P_HTHAB;EE,1.49 ,1.87 ,1.05 ,2.63 ,1.28 ,0.76 ,1.06 ,1.29 ,0.84 ,1.22 ,1.36 
A;ICCS0102;P_HTHAB;EL,1.48 ,1.69 ,1.74 ,1.64 ,1.67 ,1.61 ,1.42 ,1.56 ,1.22 ,1.39 ,1.15 
A;ICCS0102;P_HTHAB;ES,1.94 ,1.80 ,1.65 ,1.75 ,1.63 ,1.42 ,1.56 ,1.54 ,1.75 ,1.76 ,1.78 
A;ICCS0102;P_HTHAB;FI,6.85 ,6.87 ,5.74 ,5.73 ,6.46 ,4.86 ,6.00 ,5.46 ,5.67 ,6.32 ,6.44 
A;ICCS0102;P_HTHAB;FR,1.82 ,1.67 ,1.87 ,2.04 ,2.39 ,2.29 ,2.54 ,3.18 ,3.61 ,3.80 ,4.05 
A;ICCS0102;P_HTHAB;HR,: ,: ,2.91 ,2.87 ,2.36 ,2.96 ,2.66 ,2.49 ,2.22 ,3.01 ,2.19 
A;ICCS0102;P_HTHAB;HU,1.44 ,1.36 ,1.43 ,1.33 ,1.09 ,1.06 ,1.07 ,0.87 ,0.99 ,0.73 ,0.60 
A;ICCS0102;P_HTHAB;IE,0.24 ,0.15 ,0.15 ,0.17 ,0.19 ,0.28 ,0.33 ,0.28 ,0.51 ,0.29 ,0.29 
A;ICCS0102;P_HTHAB;IS,: ,1.25 ,1.26 ,0.94 ,1.88 ,1.55 ,1.54 ,0.30 ,1.80 ,2.36 ,1.43 
A;ICCS0102;P_HTHAB;IT,2.76 ,2.28 ,2.21 ,2.36 ,2.23 ,2.05 ,2.06 ,1.98 ,1.78 ,1.81 ,1.74 
A;ICCS0102;P_HTHAB;LI,2.83 ,0.00 ,0.00 ,8.30 ,0.00 ,0.00 ,2.69 ,0.00 ,0.00 ,: ,: 
A;ICCS0102;P_HTHAB;LT,0.47 ,0.60 ,0.57 ,0.75 ,0.60 ,0.47 ,0.65 ,0.72 ,0.66 ,0.56 ,1.10 
A;ICCS0102;P_HTHAB;LU,17.36 ,16.01 ,15.34 ,17.39 ,20.96 ,15.46 ,15.28 ,11.55 ,12.49 ,12.53 ,11.46 
A;ICCS0102;P_HTHAB;LV,0.91 ,0.00 ,0.61 ,1.06 ,0.64 ,0.25 ,0.20 ,0.10 ,0.71 ,0.92 ,1.19 
A;ICCS0102;P_HTHAB;ME,2.92 ,6.64 ,6.79 ,2.74 ,2.58 ,6.44 ,8.69 ,6.43 ,5.63 ,8.19 ,5.95 
A;ICCS0102;P_HTHAB;MK,2.00 ,2.25 ,1.85 ,1.90 ,2.33 ,2.52 ,3.63 ,2.27 ,2.80 ,2.70 ,: 
A;ICCS0102;P_HTHAB;MT,1.23 ,1.46 ,0.97 ,1.45 ,1.44 ,0.71 ,1.18 ,0.23 ,0.22 ,1.30 ,1.26 
A;ICCS0102;P_HTHAB;NL,9.14 ,18.45 ,23.17 ,23.76 ,21.61 ,19.43 ,: ,: ,: ,: ,: 
A;ICCS0102;P_HTHAB;NO,1.03 ,0.96 ,0.97 ,0.79 ,1.00 ,1.13 ,1.17 ,1.18 ,0.79 ,0.93 ,1.32 
A;ICCS0102;P_HTHAB;PL,0.78 ,0.70 ,0.63 ,0.55 ,0.53 ,0.61 ,0.55 ,0.45 ,0.45 ,0.58 ,0.61 
A;ICCS0102;P_HTHAB;RO,1.99 ,1.89 ,2.39 ,2.34 ,2.94 ,2.97 ,2.47 ,2.43 ,2.22 ,1.95 ,2.28 
A;ICCS0102;P_HTHAB;RS,2.77 ,2.88 ,2.79 ,2.56 ,2.81 ,3.08 ,2.41 ,1.94 ,2.15 ,1.58 ,1.36 
A;ICCS0102;P_HTHAB;SE,8.17 ,8.54 ,8.47 ,8.94 ,8.41 ,7.62 ,8.21 ,8.60 ,8.92 ,9.09 ,8.58 
A;ICCS0102;P_HTHAB;SI,0.95 ,1.87 ,1.51 ,1.66 ,1.46 ,1.36 ,0.78 ,1.26 ,1.26 ,1.98 ,2.23 
A;ICCS0102;P_HTHAB;SK,0.00 ,0.00 ,0.00 ,0.00 ,0.00 ,1.44 ,1.33 ,0.89 ,: ,1.47 ,: 
A;ICCS0102;P_HTHAB;UKM,13.46 ,11.77 ,9.87 ,10.26 ,7.59 ,5.96 ,4.93 ,5.47 ,4.39 ,4.52 ,5.70 
A;ICCS0102;P_HTHAB;UKN,6.83 ,6.38 ,6.56 ,6.13 ,6.38 ,5.58 ,6.04 ,6.06 ,4.20 ,5.30 ,3.94 
A;ICCS0102;P_HTHAB;XK,7.29 ,8.39 ,6.84 ,10.98 ,: ,: ,: ,: ,8.30 ,7.51 ,7.73 
A;ICCS02011;NR;AL,363 ,379 ,178 ,169 ,156 ,163 ,132 ,169 ,118 ,125 ,135 
A;ICCS02011;NR;AT,3945 ,4023 ,3606 ,3897 ,4030 ,3327 ,3230 ,3461 ,3793 ,3625 ,3711 
A;ICCS02011;NR;BA,1474 ,: ,505 ,652 ,618 ,577 ,592 ,992 ,1009 ,752 ,909 
A;ICCS02011;NR;BE,76314 ,77665 ,77758 ,78778 ,72312 ,69746 ,70411 ,62381 ,62944 ,62451 ,63142 
A;ICCS02011;NR;BG,3216 ,3122 ,3038 ,2462 ,2410 ,2470 ,2533 ,2520 ,2470 ,2811 ,2518 
A;ICCS02011;NR;CH,8893 ,524 ,487 ,487 ,597 ,568 ,609 ,616 ,573 ,586 ,585 
A;ICCS02011;NR;CY,167 ,219 ,173 ,164 ,148 ,132 ,134 ,143 ,145 ,144 ,132 
A;ICCS02011;NR;CZ,5397 ,4756 ,4786 ,5264 ,5240 ,5378 ,5199 ,5229 ,5050 ,4767 ,4967 
A;ICCS02011;NR;DE,518499 ,149301 ,142903 ,139091 ,136077 ,127869 ,125752 ,127395 ,140033 ,137058 ,136727 
A;ICCS02011;NR;DK,1663 ,1603 ,1753 ,1696 ,1657 ,1503 ,1533 ,1460 ,1733 ,1904 ,1857 
A;ICCS02011;NR;EE,140 ,106 ,103 ,104 ,99 ,99 ,77 ,98 ,93 ,76 ,90 
A;ICCS02011;NR;EL,430 ,477 ,1101 ,1425 ,1692 ,1610 ,1459 ,1624 ,1515 ,1510 ,1587 
A;ICCS02011;NR;ES,72803 ,80910 ,25077 ,18290 ,17353 ,16701 ,16776 ,29056 ,17331 ,18086 ,18292 
A;ICCS02011;NR;FI,2228 ,2083 ,1974 ,2035 ,1856 ,1791 ,1645 ,1563 ,1592 ,1581 ,1609 
A;ICCS02011;NR;FR,187937 ,220126 ,231909.06 ,231306.5 ,231733.31 ,233304 ,237916 ,242185 ,242910 ,: ,: 
A;ICCS02011;NR;HR,1128 ,1059 ,986 ,873 ,903 ,823 ,766 ,804 ,790 ,798 ,733 
A;ICCS02011;NR;HU,12757 ,12787 ,14569 ,14212 ,13973 ,13377 ,13475 ,12472 ,: ,: ,: 
A;ICCS02011;NR;IE,3843 ,3718 ,3681 ,3541 ,3213 ,3071 ,3163 ,3516 ,3634 ,4081 ,4506 
A;ICCS02011;NR;IS,77 ,79 ,57 ,60 ,74 ,92 ,101 ,85 ,74 ,103 ,122 
A;ICCS02011;NR;IT,65791 ,65611 ,64866 ,68500 ,69527 ,66317 ,67004 ,65072 ,64133 ,65906 ,66348 
A;ICCS02011;NR;LI,88 ,90 ,77 ,78 ,69 ,103 ,120 ,81 ,71 ,83 ,79 
A;ICCS02011;NR;LT,251 ,220 ,245 ,206 ,178 ,211 ,204 ,214 ,216 ,178 ,185 
A;ICCS02011;NR;LU,2317 ,2350 ,596 ,681 ,677 ,713 ,728 ,608 ,569 ,585 ,611 
A;ICCS02011;NR;LV,1346 ,1215 ,1226 ,1161 ,1325 ,458 ,569 ,534 ,657 ,657 ,646 
A;ICCS02011;NR;ME,196 ,186 ,193 ,161 ,168 ,173 ,129 ,140 ,128 ,147 ,153 
A;ICCS02011;NR;MK,213 ,228 ,248 ,239 ,211 ,216 ,213 ,154 ,173 ,148 ,: 
A;ICCS02011;NR;MT,196 ,173 ,180 ,181 ,174 ,218 ,160 ,183 ,200 ,186 ,183 
A;ICCS02011;NR;NL,69005 ,65690 ,6605 ,6555 ,6205 ,5580 ,5340 ,5100 ,5020 ,4785 ,4575 
A;ICCS02011;NR;NO,3279 ,3093 ,2925 ,2837 ,2781 ,2566 ,2377 ,2239 ,2199 ,2112 ,1968 
A;ICCS02011;NR;PL,: ,12559 ,11011 ,10703 ,9721 ,9118 ,8248 ,6957 ,7621 ,7304 ,6610 
A;ICCS02011;NR;PT,760 ,724 ,863 ,812 ,701 ,580 ,542 ,469 ,521 ,584 ,579 
A;ICCS02011;NR;RO,9457 ,9072 ,12301 ,12299 ,17219 ,17572 ,2279 ,299 ,304 ,272 ,252 
A;ICCS02011;NR;RS,1582 ,1442 ,1391 ,1309 ,1323 ,1750 ,1506 ,1422 ,1339 ,1285 ,1223 
A;ICCS02011;NR;SE,5332 ,5600 ,5594 ,5684 ,5338 ,4659 ,4570 ,4646 ,4959 ,4685 ,4709 
A;ICCS02011;NR;SI,2135 ,2177 ,2182 ,1974 ,2032 ,1849 ,1657 ,1540 ,1491 ,1398 ,1544 
A;ICCS02011;NR;SK,2702 ,2618 ,2426 ,2227 ,2183 ,2017 ,1988 ,1862 ,1632 ,1642 ,1597 
A;ICCS02011;NR;TR,: ,194059 ,220882 ,238395 ,262330 ,: ,: ,: ,: ,: ,: 
A;ICCS02011;NR;UKC-L,419119 ,399713 ,366878 ,336867 ,310953 ,321535 ,373464 ,430583 ,466722 ,512976 ,547060 
A;ICCS02011;NR;UKM,79892 ,5621 ,5493 ,4693 ,3643 ,2951 ,2903 ,3714 ,3950 ,3944 ,4049 
A;ICCS02011;NR;UKN,1549 ,1605 ,1451 ,1446 ,1278 ,1093 ,1172 ,1206 ,1111 ,1053 ,1063 
A;ICCS02011;NR;XK,3376 ,3539 ,3760 ,3743 ,3805 ,653 ,818 ,393 ,363 ,331 ,304 
A;ICCS02011;P_HTHAB;AL,11.45 ,11.90 ,: ,5.97 ,: ,: ,4.55 ,5.84 ,4.08 ,4.35 ,4.70 
A;ICCS02011;P_HTHAB;AT,47.48 ,48.27 ,43.18 ,46.53 ,47.93 ,39.36 ,37.97 ,40.31 ,43.60 ,41.32 ,42.06 
A;ICCS02011;P_HTHAB;BA,38.35 ,: ,13.14 ,16.97 ,16.10 ,: ,: ,: ,: ,: ,: 
A;ICCS02011;P_HTHAB;BE,715.43 ,722.26 ,717.33 ,716.12 ,651.76 ,624.87 ,629.75 ,555.13 ,556.48 ,550.15 ,553.95 
A;ICCS02011;P_HTHAB;BG,42.78 ,41.81 ,40.93 ,33.41 ,32.89 ,33.91 ,34.96 ,34.99 ,34.53 ,39.58 ,35.72 
A;ICCS02011;P_HTHAB;CH,117.11 ,6.80 ,6.25 ,6.18 ,7.50 ,7.07 ,7.48 ,7.48 ,6.88 ,6.96 ,6.90 
A;ICCS02011;P_HTHAB;CY,21.51 ,27.48 ,21.12 ,19.53 ,17.17 ,15.24 ,15.62 ,16.88 ,17.09 ,16.85 ,15.27 
A;ICCS02011;P_HTHAB;CZ,52.18 ,45.62 ,45.75 ,50.20 ,49.88 ,51.14 ,49.46 ,49.62 ,47.85 ,45.06 ,46.81 
A;ICCS02011;P_HTHAB;DE,630.64 ,182.07 ,174.69 ,173.38 ,169.40 ,158.80 ,155.70 ,156.90 ,170.41 ,166.09 ,165.14 
A;ICCS02011;P_HTHAB;DK,30.37 ,29.08 ,31.67 ,30.50 ,29.69 ,26.83 ,27.24 ,25.80 ,30.36 ,33.12 ,32.12 
A;ICCS02011;P_HTHAB;EE,10.46 ,7.94 ,7.73 ,7.82 ,7.47 ,7.50 ,5.85 ,7.45 ,7.07 ,5.78 ,6.82 
A;ICCS02011;P_HTHAB;EL,3.89 ,4.30 ,9.90 ,12.81 ,15.26 ,14.63 ,13.35 ,14.96 ,14.05 ,14.02 ,14.77 
A;ICCS02011;P_HTHAB;ES,159.41 ,174.98 ,53.94 ,39.19 ,37.06 ,35.74 ,36.07 ,62.55 ,37.32 ,38.87 ,39.20 
A;ICCS02011;P_HTHAB;FI,42.03 ,39.11 ,36.89 ,37.86 ,34.36 ,33.00 ,30.18 ,28.56 ,29.01 ,28.73 ,29.18 
A;ICCS02011;P_HTHAB;FR,293.62 ,342.07 ,358.67 ,355.97 ,355.00 ,355.64 ,360.80 ,364.25 ,363.86 ,: ,: 
A;ICCS02011;P_HTHAB;HR,26.16 ,24.57 ,22.92 ,20.35 ,21.12 ,19.31 ,18.04 ,19.03 ,18.85 ,19.21 ,17.85 
A;ICCS02011;P_HTHAB;HU,126.99 ,127.48 ,145.48 ,142.32 ,140.69 ,135.00 ,136.42 ,126.55 ,: ,: ,: 
A;ICCS02011;P_HTHAB;IE,86.20 ,82.23 ,80.91 ,77.46 ,70.11 ,66.89 ,68.20 ,75.17 ,76.89 ,85.30 ,93.28 
A;ICCS02011;P_HTHAB;IS,24.41 ,24.74 ,17.95 ,18.84 ,23.16 ,28.58 ,31.01 ,25.83 ,22.25 ,30.44 ,35.01 
A;ICCS02011;P_HTHAB;IT,112.17 ,111.20 ,109.59 ,115.39 ,117.06 ,111.11 ,110.24 ,107.03 ,105.72 ,108.77 ,109.70 
A;ICCS02011;P_HTHAB;LI,248.90 ,252.89 ,214.52 ,215.77 ,189.17 ,279.60 ,323.20 ,216.77 ,188.72 ,219.52 ,207.27 
A;ICCS02011;P_HTHAB;LT,7.81 ,6.91 ,7.80 ,6.75 ,5.93 ,7.10 ,6.93 ,7.33 ,7.48 ,6.25 ,6.59 
A;ICCS02011;P_HTHAB;LU,478.92 ,476.19 ,118.71 ,133.05 ,128.99 ,132.76 ,132.44 ,108.00 ,98.74 ,99.04 ,101.49 
A;ICCS02011;P_HTHAB;LV,61.41 ,56.18 ,57.82 ,55.96 ,64.80 ,22.63 ,28.43 ,26.89 ,33.37 ,33.69 ,33.40 
A;ICCS02011;P_HTHAB;ME,31.84 ,30.14 ,31.18 ,25.97 ,27.08 ,27.86 ,20.76 ,22.50 ,20.57 ,23.62 ,24.58 
A;ICCS02011;P_HTHAB;MK,10.41 ,11.13 ,12.08 ,11.62 ,10.24 ,10.47 ,10.31 ,7.44 ,8.35 ,7.14 ,: 
A;ICCS02011;P_HTHAB;MT,48.06 ,42.10 ,43.48 ,43.62 ,41.67 ,51.74 ,37.61 ,42.62 ,44.40 ,40.41 ,38.47 
A;ICCS02011;P_HTHAB;NL,420.62 ,398.46 ,39.85 ,39.36 ,37.09 ,33.25 ,31.73 ,30.18 ,29.57 ,28.01 ,26.63 
A;ICCS02011;P_HTHAB;NO,69.22 ,64.45 ,60.21 ,57.66 ,55.78 ,50.80 ,46.54 ,43.34 ,42.20 ,40.16 ,37.16 
A;ICCS02011;P_HTHAB;PL,: ,32.93 ,28.96 ,28.12 ,25.54 ,23.96 ,21.70 ,18.31 ,20.07 ,19.23 ,17.41 
A;ICCS02011;P_HTHAB;PT,7.20 ,6.85 ,8.16 ,7.68 ,6.65 ,5.53 ,5.20 ,4.52 ,5.04 ,5.66 ,5.63 
A;ICCS02011;P_HTHAB;RO,45.83 ,44.38 ,57.31 ,57.43 ,85.68 ,87.77 ,11.43 ,1.50 ,1.54 ,1.38 ,1.29 
A;ICCS02011;P_HTHAB;RS,21.48 ,19.66 ,19.04 ,18.05 ,18.33 ,24.37 ,21.07 ,19.99 ,18.92 ,18.25 ,17.47 
A;ICCS02011;P_HTHAB;SE,58.06 ,60.50 ,59.89 ,60.37 ,56.29 ,48.76 ,47.38 ,47.66 ,50.34 ,46.87 ,46.53 
A;ICCS02011;P_HTHAB;SI,106.20 ,107.11 ,106.59 ,96.28 ,98.85 ,89.81 ,80.39 ,74.65 ,72.23 ,67.67 ,74.70 
A;ICCS02011;P_HTHAB;SK,50.26 ,48.64 ,45.01 ,41.30 ,40.39 ,37.28 ,36.71 ,34.35 ,30.08 ,30.21 ,29.34 
A;ICCS02011;P_HTHAB;TR,: ,271.35 ,304.41 ,323.37 ,351.06 ,: ,: ,: ,: ,: ,: 
A;ICCS02011;P_HTHAB;UKC-L,767.40 ,726.23 ,661.46 ,602.28 ,551.63 ,566.50 ,653.16 ,746.93 ,802.85 ,875.94 ,927.84 
A;ICCS02011;P_HTHAB;UKM,1540.54 ,107.75 ,104.70 ,88.87 ,68.65 ,55.47 ,54.39 ,69.34 ,73.47 ,72.84 ,74.47 
A;ICCS02011;P_HTHAB;UKN,87.50 ,89.86 ,80.66 ,79.91 ,70.26 ,59.84 ,63.79 ,65.29 ,59.78 ,56.41 ,56.66 
A;ICCS02011;P_HTHAB;XK,156.79 ,162.29 ,170.28 ,208.62 ,: ,: ,: ,: ,20.49 ,18.56 ,16.90 
A;ICCS020221;NR;AL,10 ,5 ,9 ,2 ,2 ,5 ,2 ,8 ,4 ,2 ,5 
A;ICCS020221;NR;AT,11 ,5 ,9 ,5 ,11 ,4 ,1 ,3 ,2 ,3 ,5 
A;ICCS020221;NR;BA,8 ,6 ,1 ,1 ,2 ,5 ,3 ,0 ,1 ,0 ,1 
A;ICCS020221;NR;BE,1013 ,1080 ,1122 ,1194 ,1185 ,1163 ,1151 ,1171 ,1201 ,1170 ,: 
A;ICCS020221;NR;BG,127 ,142 ,118 ,77 ,75 ,87 ,95 ,74 ,70 ,102 ,63 
A;ICCS020221;NR;CH,2 ,4 ,0 ,4 ,5 ,3 ,1 ,4 ,3 ,3 ,8 
A;ICCS020221;NR;CY,12 ,26 ,27 ,12 ,5 ,4 ,8 ,0 ,1 ,9 ,4 
A;ICCS020221;NR;CZ,15 ,12 ,16 ,11 ,17 ,20 ,15 ,12 ,18 ,17 ,13 
A;ICCS020221;NR;DE,1857 ,5126 ,4897 ,4922 ,5183 ,4929 ,4988 ,4763 ,4756 ,4625 ,4563 
A;ICCS020221;NR;EE,2 ,0 ,0 ,3 ,0 ,1 ,0 ,0 ,0 ,0 ,0 
A;ICCS020221;NR;EL,30 ,16 ,173 ,158 ,139 ,95 ,58 ,89 ,61 ,78 ,74 
A;ICCS020221;NR;ES,237 ,171 ,127 ,111 ,118 ,121 ,99 ,93 ,94 ,69 ,81 
A;ICCS020221;NR;FI,0 ,3 ,1 ,3 ,1 ,1 ,1 ,1 ,3 ,1 ,4 
A;ICCS020221;NR;FR,2074 ,2085 ,2092 ,2234 ,2117 ,2266 ,2956 ,3818 ,3818 ,: ,: 
A;ICCS020221;NR;HR,16 ,12 ,13 ,6 ,6 ,1 ,1 ,0 ,1 ,0 ,0 
A;ICCS020221;NR;HU,11 ,14 ,18 ,12 ,9 ,7 ,3 ,11 ,5 ,3 ,2 
A;ICCS020221;NR;IE,58 ,84 ,82 ,77 ,65 ,80 ,60 ,92 ,74 ,76 ,: 
A;ICCS020221;NR;IT,325 ,349 ,351 ,356 ,341 ,325 ,297 ,287 ,197 ,198 ,185 
A;ICCS020221;NR;LI,0 ,0 ,0 ,0 ,0 ,0 ,0 ,0 ,0 ,: ,: 
A;ICCS020221;NR;LT,61 ,59 ,69 ,48 ,65 ,46 ,0 ,0 ,0 ,0 ,0 
A;ICCS020221;NR;LU,33 ,40 ,27 ,47 ,57 ,48 ,52 ,53 ,50 ,46 ,36 
A;ICCS020221;NR;LV,3 ,9 ,8 ,7 ,1 ,18 ,17 ,17 ,8 ,4 ,10 
A;ICCS020221;NR;ME,3 ,3 ,2 ,3 ,0 ,1 ,0 ,0 ,2 ,0 ,0 
A;ICCS020221;NR;MK,14 ,16 ,17 ,14 ,19 ,18 ,8 ,11 ,10 ,7 ,: 
A;ICCS020221;NR;MT,0 ,0 ,0 ,0 ,0 ,0 ,0 ,0 ,0 ,0 ,0 
A;ICCS020221;NR;NL,760 ,625 ,650 ,575 ,600 ,525 ,415 ,435 ,420 ,390 ,420 
A;ICCS020221;NR;PL,37 ,59 ,26 ,11 ,316 ,445 ,292 ,246 ,: ,: ,: 
A;ICCS020221;NR;PT,492 ,539 ,501 ,507 ,419 ,432 ,376 ,369 ,296 ,292 ,273 
A;ICCS020221;NR;RO,265 ,: ,321 ,307 ,391 ,310 ,290 ,295 ,346 ,311 ,304 
A;ICCS020221;NR;RS,16 ,24 ,20 ,9 ,11 ,9 ,12 ,14 ,8 ,12 ,14 
A;ICCS020221;NR;SI,7 ,2 ,4 ,2 ,4 ,4 ,5 ,3 ,3 ,1 ,6 
A;ICCS020221;NR;SK,3 ,6 ,4 ,4 ,7 ,78 ,83 ,85 ,102 ,91 ,92 
A;ICCS020221;NR;TR,: ,12700 ,13586 ,13584 ,13431 ,: ,: ,: ,: ,: ,: 
A;ICCS020221;NR;UKC-L,2035 ,1860 ,1717 ,1516 ,1388 ,1728 ,2189 ,3019 ,3849 ,4528 ,5223 
A;ICCS020221;NR;UKM,319 ,269 ,260 ,219 ,227 ,253 ,234 ,228 ,230 ,233 ,268 
A;ICCS020221;NR;UKN,83 ,82 ,56 ,66 ,45 ,59 ,44 ,65 ,81 ,67 ,82 
A;ICCS020221;NR;XK,46 ,50 ,43 ,31 ,33 ,34 ,26 ,24 ,22 ,16 ,16 
A;ICCS020221;P_HTHAB;AL,0.32 ,0.16 ,: ,0.07 ,: ,: ,0.07 ,0.27 ,0.13 ,0.07 ,0.17 
A;ICCS020221;P_HTHAB;AT,0.13 ,0.06 ,0.11 ,0.06 ,0.13 ,0.05 ,0.01 ,0.03 ,0.02 ,0.03 ,0.06 
A;ICCS020221;P_HTHAB;BA,0.21 ,0.16 ,0.03 ,0.03 ,0.05 ,: ,: ,: ,: ,: ,: 
A;ICCS020221;P_HTHAB;BE,9.50 ,10.04 ,10.35 ,10.85 ,10.68 ,10.42 ,10.29 ,10.42 ,10.62 ,10.31 ,: 
A;ICCS020221;P_HTHAB;BG,1.69 ,1.90 ,1.59 ,1.04 ,1.02 ,1.19 ,1.31 ,1.03 ,0.98 ,1.44 ,0.89 
A;ICCS020221;P_HTHAB;CH,0.02 ,0.05 ,0.00 ,0.05 ,0.06 ,0.04 ,0.01 ,0.05 ,0.04 ,0.04 ,0.09 
A;ICCS020221;P_HTHAB;CY,1.55 ,3.26 ,3.30 ,1.43 ,0.58 ,0.46 ,0.93 ,0.00 ,0.12 ,1.05 ,0.46 
A;ICCS020221;P_HTHAB;CZ,0.15 ,0.12 ,0.15 ,0.10 ,0.16 ,0.19 ,0.14 ,0.11 ,0.17 ,0.16 ,0.12 
A;ICCS020221;P_HTHAB;DE,2.26 ,6.25 ,5.99 ,6.14 ,6.45 ,6.12 ,6.18 ,5.87 ,5.79 ,5.60 ,5.51 
A;ICCS020221;P_HTHAB;EE,0.15 ,0.00 ,0.00 ,0.23 ,0.00 ,0.08 ,0.00 ,0.00 ,0.00 ,0.00 ,0.00 
A;ICCS020221;P_HTHAB;EL,0.27 ,0.14 ,1.56 ,1.42 ,1.25 ,0.86 ,0.53 ,0.82 ,0.57 ,0.72 ,0.69 
A;ICCS020221;P_HTHAB;ES,0.52 ,0.37 ,0.27 ,0.24 ,0.25 ,0.26 ,0.21 ,0.20 ,0.20 ,0.15 ,0.17 
A;ICCS020221;P_HTHAB;FI,0.00 ,0.06 ,0.02 ,0.06 ,0.02 ,0.02 ,0.02 ,0.02 ,0.05 ,0.02 ,0.07 
A;ICCS020221;P_HTHAB;FR,3.24 ,3.24 ,3.24 ,3.44 ,3.24 ,3.45 ,4.48 ,5.74 ,5.72 ,: ,: 
A;ICCS020221;P_HTHAB;HR,0.37 ,0.28 ,0.30 ,0.14 ,0.14 ,0.02 ,0.02 ,0.00 ,0.02 ,0.00 ,0.00 
A;ICCS020221;P_HTHAB;HU,0.11 ,0.14 ,0.18 ,0.12 ,0.09 ,0.07 ,0.03 ,0.11 ,0.05 ,0.03 ,0.02 
A;ICCS020221;P_HTHAB;IE,1.30 ,1.85 ,1.80 ,1.68 ,1.41 ,1.74 ,1.30 ,1.97 ,1.57 ,1.59 ,: 
A;ICCS020221;P_HTHAB;IT,0.55 ,0.59 ,0.59 ,0.60 ,0.57 ,0.54 ,0.49 ,0.47 ,0.32 ,0.33 ,0.31 
A;ICCS020221;P_HTHAB;LI,0.00 ,0.00 ,0.00 ,0.00 ,0.00 ,0.00 ,0.00 ,0.00 ,0.00 ,: ,: 
A;ICCS020221;P_HTHAB;LT,1.90 ,1.85 ,2.20 ,1.57 ,2.16 ,1.55 ,0.00 ,0.00 ,0.00 ,0.00 ,0.00 
A;ICCS020221;P_HTHAB;LU,6.82 ,8.11 ,5.38 ,9.18 ,10.86 ,8.94 ,9.46 ,9.41 ,8.68 ,7.79 ,5.98 
A;ICCS020221;P_HTHAB;LV,0.14 ,0.42 ,0.38 ,0.34 ,0.05 ,0.89 ,0.85 ,0.86 ,0.41 ,0.21 ,0.52 
A;ICCS020221;P_HTHAB;ME,0.49 ,0.49 ,0.32 ,0.48 ,0.00 ,0.16 ,0.00 ,0.00 ,0.32 ,0.00 ,0.00 
A;ICCS020221;P_HTHAB;MK,0.68 ,0.78 ,0.83 ,0.68 ,0.92 ,0.87 ,0.39 ,0.53 ,0.48 ,0.34 ,: 
A;ICCS020221;P_HTHAB;MT,0.00 ,0.00 ,0.00 ,0.00 ,0.00 ,0.00 ,0.00 ,0.00 ,0.00 ,0.00 ,0.00 
A;ICCS020221;P_HTHAB;NL,4.63 ,3.79 ,3.92 ,3.45 ,3.59 ,3.13 ,2.47 ,2.57 ,2.47 ,2.28 ,2.44 
A;ICCS020221;P_HTHAB;PL,0.10 ,0.15 ,0.07 ,0.03 ,0.83 ,1.17 ,0.77 ,0.65 ,: ,: ,: 
A;ICCS020221;P_HTHAB;PT,4.66 ,5.10 ,4.74 ,4.80 ,3.97 ,4.12 ,3.61 ,3.56 ,2.86 ,2.83 ,2.65 
A;ICCS020221;P_HTHAB;RO,1.28 ,: ,1.50 ,1.43 ,1.95 ,1.55 ,1.45 ,1.48 ,1.75 ,1.58 ,1.56 
A;ICCS020221;P_HTHAB;RS,0.22 ,0.33 ,0.27 ,0.12 ,0.15 ,0.13 ,0.17 ,0.20 ,0.11 ,0.17 ,0.20 
A;ICCS020221;P_HTHAB;SI,0.35 ,0.10 ,0.20 ,0.10 ,0.19 ,0.19 ,0.24 ,0.15 ,0.15 ,0.05 ,0.29 
A;ICCS020221;P_HTHAB;SK,0.06 ,0.11 ,0.07 ,0.07 ,0.13 ,1.44 ,1.53 ,1.57 ,1.88 ,1.67 ,1.69 
A;ICCS020221;P_HTHAB;TR,: ,17.76 ,18.72 ,18.43 ,17.97 ,: ,: ,: ,: ,: ,: 
A;ICCS020221;P_HTHAB;UKC-L,3.73 ,3.38 ,3.10 ,2.71 ,2.46 ,3.04 ,3.83 ,5.24 ,6.62 ,7.73 ,8.86 
A;ICCS020221;P_HTHAB;UKM,6.15 ,5.16 ,4.96 ,4.15 ,4.28 ,4.76 ,4.38 ,4.26 ,4.28 ,4.30 ,4.93 
A;ICCS020221;P_HTHAB;UKN,4.69 ,4.59 ,3.11 ,3.65 ,2.47 ,3.23 ,2.39 ,3.52 ,4.36 ,3.59 ,4.37 
A;ICCS020221;P_HTHAB;XK,2.14 ,2.29 ,1.95 ,1.73 ,: ,: ,: ,: ,1.24 ,0.90 ,0.89 
A;ICCS0301;NR;AL,57 ,63 ,60 ,44 ,47 ,87 ,97 ,149 ,120 ,113 ,109 
A;ICCS0301;NR;AT,4185 ,3836 ,3496 ,3957 ,4040 ,3780 ,3564 ,3479 ,4391 ,4253 ,4425 
A;ICCS0301;NR;BA,: ,: ,: ,: ,: ,137 ,134 ,164 ,143 ,158 ,87 
A;ICCS0301;NR;BE,10779 ,10609 ,10923 ,11300 ,10736 ,11399 ,6897 ,6888 ,7758 ,8283 ,7795 
A;ICCS0301;NR;BG,749 ,726 ,696 ,649 ,686 ,632 ,610 ,603 ,554 ,653 ,575 
A;ICCS0301;NR;CH,: ,2988 ,2492 ,2816 ,2581 ,2696 ,2747 ,2710 ,2742 ,2595 ,2833 
A;ICCS0301;NR;CY,97 ,78 ,79 ,47 ,33 ,24 ,19 ,21 ,24 ,20 ,29 
A;ICCS0301;NR;CZ,1680 ,1730 ,1337 ,1456 ,1410 ,1417 ,1432 ,1422 ,1393 ,1414 ,1448 
A;ICCS0301;NR;DE,56784 ,49084 ,36566 ,36354 ,36277 ,35330 ,34959 ,34265 ,37166 ,34815 ,40585 
A;ICCS0301;NR;DK,1812 ,1671 ,2010 ,1866 ,1904 ,1843 ,2368 ,2611 ,3793 ,4795 ,5540 
A;ICCS0301;NR;EE,268 ,254 ,178 ,180 ,248 ,240 ,199 ,284 ,271 ,259 ,296 
A;ICCS0301;NR;EL,682 ,924 ,511 ,435 ,486 ,468 ,466 ,554 ,493 ,453 ,423 
A;ICCS0301;NR;ES,10888 ,9723 ,9954 ,9892 ,9008 ,8923 ,9468 ,7496 ,8726 ,9464 ,11612 
A;ICCS0301;NR;FI,2711 ,2099 ,2384 ,3159 ,3234 ,2988 ,2825 ,2772 ,3188 ,3054 ,3537 
A;ICCS0301;NR;FR,24031 ,23253 ,22963 ,23871 ,26783 ,27778 ,30959 ,33283 ,37480 ,41587 ,49398 
A;ICCS0301;NR;HR,765 ,664 ,397 ,378 ,343 ,576 ,604 ,605 ,676 ,476 ,541 
A;ICCS0301;NR;HU,464 ,656 ,677 ,629 ,694 ,5974 ,773 ,1686 ,600 ,588 ,541 
A;ICCS0301;NR;IE,1200 ,1446 ,2133 ,1807 ,1835 ,1778 ,1864 ,2306 ,2546 ,2893 ,3194 
A;ICCS0301;NR;IS,: ,: ,: ,: ,: ,731 ,419 ,442 ,498 ,476 ,551 
A;ICCS0301;NR;IT,: ,: ,: ,: ,: ,4488 ,4754 ,4511 ,4513 ,5115 ,5381 
A;ICCS0301;NR;LI,: ,: ,: ,: ,: ,6 ,8 ,9 ,9 ,8 ,9 
A;ICCS0301;NR;LT,368 ,362 ,514 ,529 ,441 ,255 ,317 ,263 ,208 ,226 ,219 
A;ICCS0301;NR;LU,: ,360 ,326 ,354 ,398 ,357 ,359 ,328 ,419 ,362 ,358 
A;ICCS0301;NR;LV,: ,: ,: ,: ,: ,452 ,553 ,466 ,220 ,262 ,295 
A;ICCS0301;NR;ME,40 ,47 ,44 ,24 ,24 ,25 ,31 ,26 ,22 ,23 ,23 
A;ICCS0301;NR;MK,: ,: ,: ,: ,: ,151 ,135 ,120 ,114 ,102 ,: 
A;ICCS0301;NR;MT,80 ,82 ,91 ,69 ,82 ,94 ,77 ,104 ,88 ,78 ,93 
A;ICCS0301;NR;NL,10495 ,10245 ,5470 ,5190 ,4865 ,4420 ,4290 ,4160 ,4735 ,4815 ,5190 
A;ICCS0301;NR;NO,3261 ,3239 ,3318 ,3612 ,3576 ,3526 ,3746 ,4359 ,5560 ,5635 ,5796 
A;ICCS0301;NR;PL,: ,: ,: ,: ,: ,3055 ,2931 ,2755 ,3155 ,3221 ,3328 
A;ICCS0301;NR;PT,2251 ,2556 ,2206 ,2182 ,2134 ,2136 ,2331 ,2445 ,2473 ,2538 ,2463 
A;ICCS0301;NR;RO,1566 ,1605 ,1486 ,1325 ,1541 ,1736 ,1516 ,1740 ,1789 ,1528 ,1751 
A;ICCS0301;NR;RS,400 ,412 ,453 ,457 ,395 ,262 ,288 ,251 ,283 ,313 ,461 
A;ICCS0301;NR;SE,14058 ,14998 ,15537 ,16095 ,16174 ,14891 ,16910 ,15237 ,17681 ,18874 ,19274 
A;ICCS0301;NR;SI,383 ,456 ,466 ,471 ,367 ,378 ,296 ,258 ,356 ,427 ,353 
A;ICCS0301;NR;SK,: ,: ,: ,: ,: ,645 ,683 ,645 ,656 ,705 ,667 
A;ICCS0301;NR;UKC-L,35310 ,37307 ,39114 ,38298 ,38930 ,46866 ,78787 ,106536 ,122190 ,151120 ,162030 
A;ICCS0301;NR;UKM,4811 ,4850 ,5232 ,6232 ,6734 ,8114 ,8554 ,9314 ,10073 ,11628 ,12705 
A;ICCS0301;NR;UKN,1777 ,1769 ,1868 ,1840 ,1859 ,2153 ,2582 ,2910 ,3182 ,3356 ,3621 
A;ICCS0301;NR;XK,161 ,137 ,122 ,125 ,142 ,201 ,95 ,94 ,99 ,441 ,363 
A;ICCS0301;P_HTHAB;AL,1.80 ,1.98 ,: ,1.55 ,: ,: ,3.35 ,5.16 ,4.17 ,3.93 ,3.80 
A;ICCS0301;P_HTHAB;AT,50.37 ,46.02 ,41.86 ,47.25 ,48.05 ,44.72 ,41.90 ,40.57 ,50.53 ,48.48 ,50.16 
A;ICCS0301;P_HTHAB;BE,101.05 ,98.66 ,100.77 ,102.72 ,96.77 ,102.13 ,61.69 ,61.30 ,68.59 ,72.97 ,68.39 
A;ICCS0301;P_HTHAB;BG,9.96 ,9.72 ,9.38 ,8.81 ,9.36 ,8.68 ,8.42 ,8.37 ,7.74 ,9.19 ,8.16 
A;ICCS0301;P_HTHAB;CH,: ,38.79 ,32.00 ,35.78 ,32.44 ,33.54 ,33.75 ,32.90 ,32.93 ,30.82 ,33.39 
A;ICCS0301;P_HTHAB;CY,12.49 ,9.79 ,9.64 ,5.60 ,3.83 ,2.77 ,2.21 ,2.48 ,2.83 ,2.34 ,3.36 
A;ICCS0301;P_HTHAB;CZ,16.24 ,16.59 ,12.78 ,13.88 ,13.42 ,13.47 ,13.62 ,13.49 ,13.20 ,13.37 ,13.65 
A;ICCS0301;P_HTHAB;DE,69.07 ,59.86 ,44.70 ,45.32 ,45.16 ,43.88 ,43.28 ,42.20 ,45.23 ,42.19 ,49.02 
A;ICCS0301;P_HTHAB;DK,33.09 ,30.32 ,36.32 ,33.56 ,34.12 ,32.90 ,42.08 ,46.13 ,66.46 ,83.41 ,95.83 
A;ICCS0301;P_HTHAB;EE,20.02 ,19.02 ,13.35 ,13.54 ,18.71 ,18.18 ,15.12 ,21.60 ,20.59 ,19.69 ,22.44 
A;ICCS0301;P_HTHAB;EL,6.10 ,8.33 ,4.59 ,3.91 ,4.38 ,4.25 ,4.26 ,5.10 ,4.57 ,4.21 ,3.94 
A;ICCS0301;P_HTHAB;ES,23.84 ,21.03 ,21.41 ,21.20 ,19.24 ,19.10 ,20.36 ,16.14 ,18.79 ,20.34 ,24.89 
A;ICCS0301;P_HTHAB;FI,51.15 ,39.41 ,44.55 ,58.77 ,59.87 ,55.06 ,51.82 ,50.66 ,58.10 ,55.49 ,64.16 
A;ICCS0301;P_HTHAB;FR,37.54 ,36.14 ,35.51 ,36.74 ,41.03 ,42.34 ,46.95 ,50.06 ,56.24 ,62.25 ,73.82 
A;ICCS0301;P_HTHAB;HR,17.74 ,15.41 ,9.23 ,8.81 ,8.02 ,13.51 ,14.22 ,14.32 ,16.13 ,11.46 ,13.18 
A;ICCS0301;P_HTHAB;HU,4.62 ,6.54 ,6.76 ,6.30 ,6.99 ,60.29 ,7.83 ,17.11 ,6.10 ,6.00 ,5.53 
A;ICCS0301;P_HTHAB;IE,26.91 ,31.98 ,46.88 ,39.53 ,40.04 ,38.73 ,40.19 ,49.30 ,53.87 ,60.47 ,66.12 
A;ICCS0301;P_HTHAB;IS,: ,: ,: ,: ,: ,227.12 ,128.66 ,134.31 ,149.76 ,140.68 ,158.13 
A;ICCS0301;P_HTHAB;IT,: ,: ,: ,: ,: ,7.52 ,7.82 ,7.42 ,7.44 ,8.44 ,8.90 
A;ICCS0301;P_HTHAB;LI,: ,: ,: ,: ,: ,16.29 ,21.55 ,24.09 ,23.92 ,21.16 ,23.61 
A;ICCS0301;P_HTHAB;LT,11.45 ,11.37 ,16.36 ,17.33 ,14.68 ,8.58 ,10.77 ,9.00 ,7.20 ,7.94 ,7.80 
A;ICCS0301;P_HTHAB;LU,: ,72.95 ,64.93 ,69.16 ,75.83 ,66.48 ,65.31 ,58.26 ,72.71 ,61.29 ,59.47 
A;ICCS0301;P_HTHAB;LV,: ,: ,: ,: ,: ,22.33 ,27.63 ,23.46 ,11.17 ,13.44 ,15.25 
A;ICCS0301;P_HTHAB;ME,6.50 ,7.62 ,7.11 ,3.87 ,3.87 ,4.03 ,4.99 ,4.18 ,3.54 ,3.70 ,3.70 
A;ICCS0301;P_HTHAB;MK,: ,: ,: ,: ,: ,7.32 ,6.54 ,5.80 ,5.50 ,4.92 ,: 
A;ICCS0301;P_HTHAB;MT,19.62 ,19.95 ,21.98 ,16.63 ,19.64 ,22.31 ,18.10 ,24.22 ,19.54 ,16.95 ,19.55 
A;ICCS0301;P_HTHAB;NL,63.97 ,62.14 ,33.00 ,31.16 ,29.08 ,26.34 ,25.49 ,24.61 ,27.89 ,28.19 ,30.21 
A;ICCS0301;P_HTHAB;NO,68.83 ,67.48 ,68.29 ,73.41 ,71.72 ,69.80 ,73.34 ,84.37 ,106.70 ,107.16 ,109.45 
A;ICCS0301;P_HTHAB;PL,: ,: ,: ,: ,: ,8.03 ,7.71 ,7.25 ,8.31 ,8.48 ,8.76 
A;ICCS0301;P_HTHAB;PT,21.33 ,24.20 ,20.86 ,20.64 ,20.24 ,20.37 ,22.35 ,23.57 ,23.91 ,24.62 ,23.93 
A;ICCS0301;P_HTHAB;RO,7.59 ,7.85 ,6.92 ,6.19 ,7.67 ,8.67 ,7.60 ,8.76 ,9.05 ,7.78 ,8.97 
A;ICCS0301;P_HTHAB;RS,5.43 ,5.62 ,6.20 ,6.30 ,5.47 ,3.65 ,4.03 ,3.53 ,4.00 ,4.45 ,6.58 
A;ICCS0301;P_HTHAB;SE,153.09 ,162.03 ,166.34 ,170.94 ,170.56 ,155.83 ,175.33 ,156.32 ,179.48 ,188.83 ,190.45 
A;ICCS0301;P_HTHAB;SI,19.05 ,22.44 ,22.77 ,22.97 ,17.85 ,18.36 ,14.36 ,12.51 ,17.25 ,20.67 ,17.08 
A;ICCS0301;P_HTHAB;SK,: ,: ,: ,: ,: ,11.92 ,12.61 ,11.90 ,12.09 ,12.97 ,12.25 
A;ICCS0301;P_HTHAB;UKC-L,64.65 ,67.78 ,70.52 ,68.47 ,69.06 ,82.57 ,137.79 ,184.81 ,210.19 ,258.05 ,274.81 
A;ICCS0301;P_HTHAB;UKM,86.98 ,92.97 ,99.72 ,118.02 ,126.91 ,152.52 ,160.26 ,173.76 ,186.92 ,214.75 ,233.68 
A;ICCS0301;P_HTHAB;UKN,100.37 ,99.04 ,103.83 ,101.68 ,102.20 ,117.87 ,140.53 ,157.62 ,171.35 ,179.79 ,193.02 
A;ICCS0301;P_HTHAB;XK,7.48 ,6.28 ,5.53 ,6.97 ,: ,: ,: ,: ,5.59 ,24.73 ,20.18 
A;ICCS03011;NR;AL,39 ,34 ,24 ,22 ,24 ,39 ,41 ,71 ,44 ,43 ,42 
A;ICCS03011;NR;AT,693 ,779 ,1221 ,1314 ,1256 ,1295 ,1164 ,1130 ,1231 ,1165 ,1317 
A;ICCS03011;NR;BA,35 ,29 ,46 ,35 ,41 ,35 ,27 ,36 ,27 ,25 ,34 
A;ICCS03011;NR;BE,3231 ,3152 ,3308 ,3397 ,3405 ,3345 ,3188 ,3231 ,3403 ,3531 ,3334 
A;ICCS03011;NR;BG,262 ,246 ,211 ,157 ,187 ,164 ,148 ,119 ,127 ,142 ,113 
A;ICCS03011;NR;CH,612 ,666 ,543 ,552 ,569 ,571 ,556 ,532 ,588 ,619 ,626 
A;ICCS03011;NR;CY,34 ,27 ,36 ,45 ,31 ,23 ,17 ,21 ,22 ,19 ,28 
A;ICCS03011;NR;CZ,529 ,480 ,586 ,675 ,669 ,589 ,669 ,598 ,649 ,598 ,651 
A;ICCS03011;NR;DE,7292 ,7314 ,7724 ,7539 ,8031 ,7408 ,7345 ,7022 ,7919 ,8310 ,9036 
A;ICCS03011;NR;DK,975 ,878 ,954 ,853 ,869 ,839 ,837 ,1051 ,1679 ,1803 ,2217 
A;ICCS03011;NR;EE,160 ,124 ,81 ,91 ,143 ,135 ,147 ,161 ,152 ,150 ,212 
A;ICCS03011;NR;EL,232 ,213 ,215 ,172 ,167 ,149 ,134 ,122 ,155 ,156 ,157 
A;ICCS03011;NR;ES,2437 ,2051 ,1578 ,1513 ,1280 ,1298 ,1239 ,1229 ,1249 ,1387 ,1700 
A;ICCS03011;NR;FI,915 ,660 ,818 ,1039 ,1009 ,975 ,1009 ,1043 ,1160 ,1245 ,1393 
A;ICCS03011;NR;FR,10277 ,9842 ,10108 ,10406 ,10885 ,11171 ,12157 ,12819 ,14804 ,16720 ,19658 
A;ICCS03011;NR;HR,188 ,129 ,141 ,122 ,126 ,274 ,335 ,258 ,318 ,246 ,297 
A;ICCS03011;NR;HU,214 ,228 ,246 ,196 ,192 ,248 ,318 ,380 ,598 ,588 ,541 
A;ICCS03011;NR;IE,331 ,364 ,468 ,446 ,457 ,391 ,480 ,666 ,696 ,836 ,988 
A;ICCS03011;NR;IS,68 ,78 ,98 ,128 ,122 ,180 ,129 ,178 ,185 ,213 ,263 
A;ICCS03011;NR;LI,3 ,0 ,0 ,2 ,4 ,3 ,5 ,2 ,2 ,5 ,5 
A;ICCS03011;NR;LT,164 ,149 ,208 ,191 ,178 ,133 ,158 ,155 ,110 ,124 ,116 
A;ICCS03011;NR;LU,57 ,56 ,66 ,70 ,76 ,89 ,73 ,68 ,106 ,84 ,76 
A;ICCS03011;NR;LV,100 ,69 ,78 ,50 ,64 ,73 ,75 ,60 ,142 ,161 ,176 
A;ICCS03011;NR;ME,17 ,9 ,5 ,3 ,3 ,4 ,5 ,5 ,2 ,10 ,8 
A;ICCS03011;NR;MK,41 ,37 ,28 ,41 ,43 ,38 ,45 ,41 ,36 ,35 ,: 
A;ICCS03011;NR;MT,19 ,12 ,11 ,18 ,13 ,15 ,11 ,23 ,27 ,19 ,18 
A;ICCS03011;NR;NL,1945 ,1920 ,1640 ,1565 ,1445 ,1245 ,1120 ,1265 ,1535 ,1760 ,1900 
A;ICCS03011;NR;NO,1452 ,1481 ,1446 ,1621 ,1646 ,1594 ,1630 ,1904 ,2235 ,2308 ,2564 
A;ICCS03011;NR;PL,1611 ,1530 ,1567 ,1498 ,1432 ,786 ,793 ,657 ,791 ,718 ,756 
A;ICCS03011;NR;PT,314 ,377 ,424 ,374 ,375 ,345 ,374 ,375 ,335 ,408 ,421 
A;ICCS03011;NR;RO,1016 ,1007 ,897 ,780 ,895 ,978 ,875 ,1016 ,940 ,1385 ,1463 
A;ICCS03011;NR;RS,123 ,111 ,72 ,79 ,85 ,140 ,133 ,114 ,105 ,111 ,123 
A;ICCS03011;NR;SE,4901 ,5453 ,5479 ,6059 ,5949 ,5634 ,6294 ,5544 ,6311 ,6969 ,7575 
A;ICCS03011;NR;SI,57 ,79 ,63 ,55 ,58 ,53 ,44 ,42 ,33 ,42 ,42 
A;ICCS03011;NR;SK,152 ,142 ,117 ,150 ,88 ,91 ,86 ,87 ,82 ,96 ,99 
A;ICCS03011;NR;UKC-L,13096 ,15074 ,15892 ,16038 ,16374 ,20751 ,29389 ,35901 ,41616 ,54045 ,58657 
A;ICCS03011;NR;UKM,821 ,884 ,997 ,1183 ,1372 ,1690 ,1797 ,1692 ,1755 ,2136 ,2293 
A;ICCS03011;NR;UKN,368 ,422 ,498 ,548 ,503 ,543 ,687 ,753 ,829 ,952 ,1090 
A;ICCS03011;NR;XK,50 ,44 ,33 ,24 ,33 ,32 ,29 ,31 ,28 ,29 ,32 
A;ICCS03011;P_HTHAB;AL,1.23 ,1.07 ,: ,0.78 ,: ,: ,1.41 ,2.46 ,1.53 ,1.49 ,1.46 
A;ICCS03011;P_HTHAB;AT,8.34 ,9.35 ,14.62 ,15.69 ,14.94 ,15.32 ,13.68 ,13.18 ,14.17 ,13.28 ,14.93 
A;ICCS03011;P_HTHAB;BA,0.91 ,0.75 ,1.20 ,0.91 ,1.07 ,: ,: ,: ,: ,: ,: 
A;ICCS03011;P_HTHAB;BE,30.29 ,29.31 ,30.52 ,30.88 ,30.69 ,29.97 ,28.51 ,28.75 ,30.09 ,31.11 ,29.25 
A;ICCS03011;P_HTHAB;BG,3.48 ,3.29 ,2.84 ,2.13 ,2.55 ,2.25 ,2.04 ,1.65 ,1.78 ,2.00 ,1.60 
A;ICCS03011;P_HTHAB;CH,8.06 ,8.65 ,6.97 ,7.01 ,7.15 ,7.10 ,6.83 ,6.46 ,7.06 ,7.35 ,7.38 
A;ICCS03011;P_HTHAB;CY,4.38 ,3.39 ,4.39 ,5.36 ,3.60 ,2.66 ,1.98 ,2.48 ,2.59 ,2.22 ,3.24 
A;ICCS03011;P_HTHAB;CZ,5.11 ,4.60 ,5.60 ,6.44 ,6.37 ,5.60 ,6.36 ,5.67 ,6.15 ,5.65 ,6.14 
A;ICCS03011;P_HTHAB;DE,8.87 ,8.92 ,9.44 ,9.40 ,10.00 ,9.20 ,9.09 ,8.65 ,9.64 ,10.07 ,10.91 
A;ICCS03011;P_HTHAB;DK,17.81 ,15.93 ,17.24 ,15.34 ,15.57 ,14.98 ,14.87 ,18.57 ,29.42 ,31.36 ,38.35 
A;ICCS03011;P_HTHAB;EE,11.95 ,9.28 ,6.08 ,6.84 ,10.79 ,10.23 ,11.17 ,12.24 ,11.55 ,11.40 ,16.07 
A;ICCS03011;P_HTHAB;EL,2.07 ,1.92 ,1.93 ,1.55 ,1.51 ,1.35 ,1.23 ,1.12 ,1.44 ,1.45 ,1.46 
A;ICCS03011;P_HTHAB;ES,5.34 ,4.44 ,3.39 ,3.24 ,2.73 ,2.78 ,2.66 ,2.65 ,2.69 ,2.98 ,3.64 
A;ICCS03011;P_HTHAB;FI,17.26 ,12.39 ,15.29 ,19.33 ,18.68 ,17.97 ,18.51 ,19.06 ,21.14 ,22.62 ,25.27 
A;ICCS03011;P_HTHAB;FR,16.06 ,15.29 ,15.63 ,16.01 ,16.68 ,17.03 ,18.44 ,19.28 ,22.22 ,25.03 ,29.38 
A;ICCS03011;P_HTHAB;HR,4.36 ,2.99 ,3.28 ,2.84 ,2.95 ,6.43 ,7.89 ,6.11 ,7.59 ,5.92 ,7.23 
A;ICCS03011;P_HTHAB;HU,2.13 ,2.27 ,2.46 ,1.96 ,1.93 ,2.50 ,3.22 ,3.86 ,6.08 ,6.00 ,5.53 
A;ICCS03011;P_HTHAB;IE,7.42 ,8.05 ,10.28 ,9.75 ,9.97 ,8.52 ,10.35 ,14.24 ,14.73 ,17.47 ,20.45 
A;ICCS03011;P_HTHAB;IS,21.56 ,24.42 ,30.85 ,40.19 ,38.18 ,55.93 ,39.61 ,54.09 ,55.63 ,62.95 ,75.48 
A;ICCS03011;P_HTHAB;LI,8.49 ,0.00 ,0.00 ,5.53 ,10.97 ,8.14 ,13.47 ,5.35 ,5.32 ,13.22 ,13.12 
A;ICCS03011;P_HTHAB;LT,5.10 ,4.68 ,6.62 ,6.26 ,5.93 ,4.48 ,5.37 ,5.31 ,3.81 ,4.35 ,4.13 
A;ICCS03011;P_HTHAB;LU,11.78 ,11.35 ,13.15 ,13.68 ,14.48 ,16.57 ,13.28 ,12.08 ,18.39 ,14.22 ,12.62 
A;ICCS03011;P_HTHAB;LV,4.56 ,3.19 ,3.68 ,2.41 ,3.13 ,3.61 ,3.75 ,3.02 ,7.21 ,8.26 ,9.10 
A;ICCS03011;P_HTHAB;ME,2.76 ,1.46 ,0.81 ,0.48 ,0.48 ,0.64 ,0.80 ,0.80 ,0.32 ,1.61 ,1.29 
A;ICCS03011;P_HTHAB;MK,2.00 ,1.81 ,1.36 ,1.99 ,2.09 ,1.84 ,2.18 ,1.98 ,1.74 ,1.69 ,: 
A;ICCS03011;P_HTHAB;MT,4.66 ,2.92 ,2.66 ,4.34 ,3.11 ,3.56 ,2.59 ,5.36 ,5.99 ,4.13 ,3.78 
A;ICCS03011;P_HTHAB;NL,11.86 ,11.65 ,9.89 ,9.40 ,8.64 ,7.42 ,7.25 ,7.48 ,9.04 ,10.30 ,11.06 
A;ICCS03011;P_HTHAB;NO,30.65 ,30.85 ,29.76 ,32.94 ,33.01 ,31.56 ,31.91 ,36.85 ,42.89 ,43.89 ,48.42 
A;ICCS03011;P_HTHAB;PL,4.23 ,4.01 ,4.12 ,3.94 ,3.76 ,2.07 ,2.09 ,1.73 ,2.08 ,1.89 ,1.99 
A;ICCS03011;P_HTHAB;PT,2.98 ,3.57 ,4.01 ,3.54 ,3.56 ,3.29 ,3.59 ,3.61 ,3.24 ,3.96 ,4.09 
A;ICCS03011;P_HTHAB;RO,4.92 ,4.93 ,4.18 ,3.64 ,4.45 ,4.89 ,4.39 ,5.11 ,4.76 ,7.05 ,7.49 
A;ICCS03011;P_HTHAB;RS,1.67 ,1.51 ,0.99 ,1.09 ,1.18 ,1.95 ,1.86 ,1.60 ,1.48 ,1.58 ,1.76 
A;ICCS03011;P_HTHAB;SE,53.37 ,58.91 ,58.66 ,64.35 ,62.73 ,58.96 ,65.26 ,56.88 ,64.06 ,69.72 ,74.85 
A;ICCS03011;P_HTHAB;SI,2.84 ,3.89 ,3.08 ,2.68 ,2.82 ,2.57 ,2.13 ,2.04 ,1.60 ,2.03 ,2.03 
A;ICCS03011;P_HTHAB;SK,2.83 ,2.64 ,2.17 ,2.78 ,1.63 ,1.68 ,1.59 ,1.60 ,1.51 ,1.77 ,1.82 
A;ICCS03011;P_HTHAB;UKC-L,23.98 ,27.39 ,28.65 ,28.67 ,29.05 ,36.56 ,51.40 ,62.28 ,71.59 ,92.29 ,99.48 
A;ICCS03011;P_HTHAB;UKM,15.83 ,16.94 ,19.00 ,22.40 ,25.86 ,31.77 ,33.67 ,31.59 ,32.64 ,39.45 ,42.17 
A;ICCS03011;P_HTHAB;UKN,20.79 ,23.63 ,27.68 ,30.28 ,27.65 ,29.73 ,37.39 ,40.79 ,44.60 ,51.00 ,58.10 
A;ICCS03011;P_HTHAB;XK,2.32 ,2.02 ,1.49 ,1.34 ,: ,: ,: ,: ,1.58 ,1.63 ,1.78 
A;ICCS03012;NR;AL,18 ,29 ,36 ,22 ,23 ,50 ,56 ,78 ,76 ,70 ,67 
A;ICCS03012;NR;AT,3492 ,3057 ,2275 ,2643 ,2784 ,2153 ,2119 ,2009 ,2821 ,2744 ,2773 
A;ICCS03012;NR;BA,: ,: ,: ,: ,: ,: ,107 ,24 ,29 ,: ,187 
A;ICCS03012;NR;BE,7548 ,7457 ,7615 ,7903 ,7331 ,3813 ,3709 ,3657 ,4355 ,4752 ,4461 
A;ICCS03012;NR;BG,487 ,480 ,485 ,492 ,499 ,468 ,462 ,484 ,: ,: ,: 
A;ICCS03012;NR;CH,: ,2322 ,1949 ,2264 ,2012 ,2125 ,2191 ,2178 ,2154 ,1976 ,2207 
A;ICCS03012;NR;CY,63 ,51 ,43 ,2 ,2 ,1 ,2 ,0 ,2 ,1 ,1 
A;ICCS03012;NR;CZ,1151 ,1250 ,751 ,781 ,741 ,827 ,760 ,821 ,729 ,803 ,785 
A;ICCS03012;NR;DE,49492 ,41770 ,28842 ,28815 ,28246 ,27922 ,27614 ,27243 ,29247 ,26505 ,31549 
A;ICCS03012;NR;DK,837 ,793 ,1056 ,1013 ,1035 ,1004 ,1531 ,1560 ,2114 ,2992 ,3323 
A;ICCS03012;NR;EE,108 ,130 ,97 ,89 ,105 ,105 ,52 ,123 ,119 ,109 ,84 
A;ICCS03012;NR;EL,450 ,711 ,187 ,180 ,203 ,187 ,191 ,259 ,263 ,224 ,182 
A;ICCS03012;NR;ES,8451 ,7672 ,8376 ,8379 ,7728 ,7625 ,8229 ,6267 ,7477 ,8077 ,9912 
A;ICCS03012;NR;FI,1796 ,1439 ,1566 ,2120 ,2225 ,2013 ,1816 ,1729 ,2028 ,1809 ,2144 
A;ICCS03012;NR;FR,13754 ,13411 ,12855 ,13465 ,15898 ,16607 ,18802 ,20464 ,22676 ,24867 ,29740 
A;ICCS03012;NR;HR,577 ,535 ,256 ,256 ,217 ,302 ,269 ,347 ,358 ,230 ,244 
A;ICCS03012;NR;HU,250 ,428 ,431 ,433 ,502 ,431 ,227 ,241 ,: ,: ,: 
A;ICCS03012;NR;IE,869 ,1082 ,1665 ,1361 ,1378 ,1387 ,1384 ,1404 ,1535 ,1697 ,1789 
A;ICCS03012;NR;IS,: ,: ,: ,: ,: ,56 ,41 ,45 ,45 ,69 ,40 
A;ICCS03012;NR;IT,4893 ,4963 ,4813 ,4617 ,4689 ,4488 ,4257 ,4000 ,: ,: ,: 
A;ICCS03012;NR;LI,: ,: ,: ,: ,: ,39 ,14 ,16 ,7 ,: ,: 
A;ICCS03012;NR;LT,204 ,213 ,306 ,338 ,263 ,122 ,159 ,108 ,98 ,102 ,103 
A;ICCS03012;NR;LU,: ,304 ,260 ,284 ,322 ,316 ,362 ,288 ,: ,: ,: 
A;ICCS03012;NR;LV,: ,: ,: ,: ,: ,304 ,369 ,243 ,83 ,112 ,133 
A;ICCS03012;NR;ME,23 ,38 ,39 ,21 ,21 ,19 ,26 ,21 ,16 ,7 ,13 
A;ICCS03012;NR;MK,: ,: ,: ,: ,: ,113 ,: ,: ,: ,: ,: 
A;ICCS03012;NR;MT,61 ,70 ,80 ,51 ,69 ,79 ,66 ,81 ,61 ,59 ,75 
A;ICCS03012;NR;NL,8550 ,8325 ,2480 ,2175 ,2070 ,1950 ,1815 ,1710 ,2215 ,2200 ,2360 
A;ICCS03012;NR;NO,1507 ,1445 ,1566 ,1663 ,1585 ,1631 ,1807 ,2118 ,2925 ,2897 ,2734 
A;ICCS03012;NR;PL,: ,: ,: ,: ,: ,434 ,384 ,421 ,513 ,456 ,417 
A;ICCS03012;NR;PT,1937 ,2179 ,1782 ,1808 ,1759 ,1791 ,1957 ,2070 ,2138 ,2130 ,2042 
A;ICCS03012;NR;RO,550 ,598 ,589 ,545 ,646 ,745 ,641 ,80 ,99 ,143 ,288 
A;ICCS03012;NR;RS,277 ,301 ,381 ,378 ,310 ,121 ,155 ,134 ,178 ,202 ,338 
A;ICCS03012;NR;SE,9157 ,9545 ,10058 ,10036 ,10225 ,8874 ,10213 ,9319 ,10966 ,11505 ,11291 
A;ICCS03012;NR;SI,326 ,377 ,403 ,416 ,309 ,49 ,48 ,30 ,43 ,43 ,33 
A;ICCS03012;NR;SK,: ,: ,: ,: ,: ,68 ,54 ,75 ,59 ,87 ,76 
A;ICCS03012;NR;UKC-L,22214 ,22233 ,23222 ,22260 ,22556 ,26115 ,34916 ,41404 ,46154 ,55805 ,59058 
A;ICCS03012;NR;UKM,3690 ,3966 ,4235 ,5049 ,5362 ,3523 ,3831 ,4080 ,4404 ,4945 ,5256 
A;ICCS03012;NR;UKN,1409 ,1347 ,1370 ,1292 ,1356 ,987 ,1155 ,1302 ,1365 ,1415 ,1463 
A;ICCS03012;NR;XK,111 ,93 ,89 ,101 ,109 ,48 ,54 ,55 ,56 ,50 ,46 
A;ICCS03012;P_HTHAB;AL,0.57 ,0.91 ,: ,0.78 ,: ,: ,1.93 ,2.70 ,2.64 ,2.43 ,2.33 
A;ICCS03012;P_HTHAB;AT,42.03 ,36.68 ,27.24 ,31.56 ,33.11 ,25.47 ,24.91 ,23.43 ,32.46 ,31.28 ,31.43 
A;ICCS03012;P_HTHAB;BE,70.76 ,69.35 ,70.25 ,71.84 ,66.08 ,34.16 ,33.17 ,32.54 ,38.50 ,41.86 ,39.14 
A;ICCS03012;P_HTHAB;BG,6.48 ,6.43 ,6.53 ,6.68 ,6.81 ,6.42 ,6.38 ,6.72 ,: ,: ,: 
A;ICCS03012;P_HTHAB;CH,: ,30.14 ,25.03 ,28.76 ,25.29 ,26.43 ,26.92 ,26.44 ,25.87 ,23.47 ,26.01 
A;ICCS03012;P_HTHAB;CY,8.12 ,6.40 ,5.25 ,0.24 ,0.23 ,0.12 ,0.23 ,0.00 ,0.24 ,0.12 ,0.12 
A;ICCS03012;P_HTHAB;CZ,11.13 ,11.99 ,7.18 ,7.45 ,7.05 ,7.86 ,7.23 ,7.79 ,6.91 ,7.59 ,7.40 
A;ICCS03012;P_HTHAB;DE,60.20 ,50.94 ,35.26 ,35.92 ,35.16 ,34.68 ,34.19 ,33.55 ,35.59 ,32.12 ,38.11 
A;ICCS03012;P_HTHAB;DK,15.29 ,14.39 ,19.08 ,18.22 ,18.55 ,17.92 ,27.21 ,27.56 ,37.04 ,52.05 ,57.48 
A;ICCS03012;P_HTHAB;EE,8.07 ,9.73 ,7.28 ,6.69 ,7.92 ,7.95 ,3.95 ,9.35 ,9.04 ,8.28 ,6.37 
A;ICCS03012;P_HTHAB;EL,4.02 ,6.41 ,1.68 ,1.61 ,1.83 ,1.70 ,1.75 ,2.39 ,2.44 ,2.08 ,1.69 
A;ICCS03012;P_HTHAB;ES,18.50 ,16.59 ,18.02 ,17.95 ,16.51 ,16.32 ,17.69 ,13.49 ,16.10 ,17.36 ,21.24 
A;ICCS03012;P_HTHAB;FI,33.88 ,27.02 ,29.26 ,39.44 ,41.19 ,37.09 ,33.31 ,31.60 ,36.96 ,32.87 ,38.89 
A;ICCS03012;P_HTHAB;FR,21.49 ,20.84 ,19.88 ,20.72 ,24.35 ,25.32 ,28.51 ,30.78 ,34.03 ,37.22 ,44.44 
A;ICCS03012;P_HTHAB;HR,13.38 ,12.41 ,5.95 ,5.97 ,5.07 ,7.09 ,6.33 ,8.21 ,8.54 ,5.54 ,5.94 
A;ICCS03012;P_HTHAB;HU,2.49 ,4.27 ,4.30 ,4.34 ,5.05 ,4.35 ,2.30 ,2.45 ,: ,: ,: 
A;ICCS03012;P_HTHAB;IE,19.49 ,23.93 ,36.59 ,29.77 ,30.06 ,30.21 ,29.84 ,30.02 ,32.48 ,35.47 ,37.04 
A;ICCS03012;P_HTHAB;IS,: ,: ,: ,: ,: ,17.40 ,12.59 ,13.67 ,13.53 ,20.39 ,11.48 
A;ICCS03012;P_HTHAB;IT,8.34 ,8.41 ,8.13 ,7.78 ,7.89 ,7.52 ,7.00 ,6.58 ,: ,: ,: 
A;ICCS03012;P_HTHAB;LI,: ,: ,: ,: ,: ,105.87 ,37.71 ,42.82 ,18.61 ,: ,: 
A;ICCS03012;P_HTHAB;LT,6.35 ,6.69 ,9.74 ,11.07 ,8.76 ,4.11 ,5.40 ,3.70 ,3.39 ,3.58 ,3.67 
A;ICCS03012;P_HTHAB;LU,: ,61.60 ,51.79 ,55.49 ,61.35 ,58.84 ,65.86 ,51.16 ,: ,: ,: 
A;ICCS03012;P_HTHAB;LV,: ,: ,: ,: ,: ,15.02 ,18.44 ,12.24 ,4.22 ,5.74 ,6.88 
A;ICCS03012;P_HTHAB;ME,3.74 ,6.16 ,6.30 ,3.39 ,3.39 ,3.06 ,4.18 ,3.38 ,2.57 ,1.12 ,2.09 
A;ICCS03012;P_HTHAB;MK,: ,: ,: ,: ,: ,5.48 ,: ,: ,: ,: ,: 
A;ICCS03012;P_HTHAB;MT,14.96 ,17.03 ,19.32 ,12.29 ,16.53 ,18.75 ,15.52 ,18.87 ,13.54 ,12.82 ,15.77 
A;ICCS03012;P_HTHAB;NL,52.12 ,50.50 ,14.96 ,13.06 ,12.37 ,11.62 ,10.78 ,10.12 ,13.05 ,12.88 ,13.74 
A;ICCS03012;P_HTHAB;NO,31.81 ,30.10 ,32.23 ,33.79 ,31.78 ,32.29 ,35.38 ,40.99 ,56.13 ,55.09 ,51.63 
A;ICCS03012;P_HTHAB;PL,: ,: ,: ,: ,: ,1.14 ,1.01 ,1.11 ,1.35 ,1.20 ,1.10 
A;ICCS03012;P_HTHAB;PT,18.35 ,20.63 ,16.85 ,17.10 ,16.69 ,17.08 ,18.77 ,19.95 ,20.67 ,20.66 ,19.84 
A;ICCS03012;P_HTHAB;RO,2.67 ,2.93 ,2.74 ,2.55 ,3.21 ,3.72 ,3.21 ,0.40 ,0.50 ,0.73 ,1.47 
A;ICCS03012;P_HTHAB;RS,3.76 ,4.10 ,5.21 ,5.21 ,4.30 ,1.68 ,2.17 ,1.88 ,2.52 ,2.87 ,4.83 
A;ICCS03012;P_HTHAB;SE,99.72 ,103.12 ,107.68 ,106.59 ,107.83 ,92.86 ,105.89 ,95.61 ,111.32 ,115.11 ,111.57 
A;ICCS03012;P_HTHAB;SI,16.22 ,18.55 ,19.69 ,20.29 ,15.03 ,2.38 ,2.33 ,1.45 ,2.08 ,2.08 ,1.60 
A;ICCS03012;P_HTHAB;SK,: ,: ,: ,: ,: ,1.26 ,1.00 ,1.38 ,1.09 ,1.60 ,1.40 
A;ICCS03012;P_HTHAB;UKC-L,40.67 ,40.39 ,41.87 ,39.80 ,40.01 ,46.01 ,61.07 ,71.82 ,79.39 ,95.29 ,100.17 
A;ICCS03012;P_HTHAB;UKM,71.15 ,76.02 ,80.72 ,95.61 ,101.05 ,66.22 ,71.78 ,76.17 ,81.91 ,91.33 ,96.67 
A;ICCS03012;P_HTHAB;UKN,79.59 ,75.41 ,76.15 ,71.40 ,74.55 ,54.03 ,62.86 ,70.52 ,73.50 ,75.80 ,77.99 
A;ICCS03012;P_HTHAB;XK,5.16 ,4.26 ,4.03 ,5.63 ,: ,: ,: ,: ,3.16 ,2.80 ,2.56 
A;ICCS0401;NR;AL,144 ,169 ,236 ,268 ,326 ,371 ,297 ,234 ,159 ,183 ,133 
A;ICCS0401;NR;AT,4786 ,4577 ,4310 ,4066 ,4092 ,3737 ,3481 ,3416 ,3103 ,2610 ,2396 
A;ICCS0401;NR;BA,746 ,: ,: ,975 ,1010 ,1103 ,1025 ,111 ,1015 ,660 ,: 
A;ICCS0401;NR;BE,22877 ,23581 ,23856 ,27341 ,25608 ,22879 ,21928 ,20278 ,18675 ,17604 ,16277 
A;ICCS0401;NR;BG,2868 ,3596 ,3737 ,3110 ,2955 ,2977 ,2326 ,1946 ,1666 ,1558 ,1265 
A;ICCS0401;NR;CH,2890 ,3530 ,2853 ,3113 ,3603 ,3196 ,2367 ,1859 ,1876 ,1746 ,1644 
A;ICCS0401;NR;CY,71 ,142 ,156 ,137 ,173 ,149 ,104 ,78 ,93 ,103 ,73 
A;ICCS0401;NR;CZ,4641 ,4687 ,4019 ,3881 ,3416 ,3051 ,2547 ,2022 ,1646 ,1585 ,1406 
A;ICCS0401;NR;DE,49913 ,49317 ,48166 ,48021 ,48711 ,47234 ,45475 ,44666 ,43009 ,38849 ,36756 
A;ICCS0401;NR;DK,3400 ,4004 ,3372 ,3241 ,3003 ,3200 ,2322 ,2034 ,2185 ,2042 ,1819 
A;ICCS0401;NR;EE,909 ,726 ,599 ,525 ,457 ,476 ,360 ,337 ,248 ,201 ,: 
A;ICCS0401;NR;EL,3293 ,4715 ,6079 ,6636 ,5992 ,4919 ,3800 ,4316 ,4738 ,4271 ,4358 
A;ICCS0401;NR;ES,71421 ,65159 ,84411 ,87718 ,96607 ,86034 ,70855 ,64581 ,62952 ,61763 ,60295 
A;ICCS0401;NR;FI,1696 ,1640 ,1508 ,1622 ,1616 ,1523 ,1687 ,1548 ,1670 ,1640 ,: 
A;ICCS0401;NR;FR,106633 ,112765 ,121038 ,120966 ,123814 ,124657 ,114093 ,104116 ,104439 ,100080 ,: 
A;ICCS0401;NR;HR,1259 ,1411 ,1245 ,1382 ,1588 ,1523 ,1268 ,1311 ,1068 ,864 ,779 
A;ICCS0401;NR;HU,3128 ,3159 ,3396 ,3203 ,3036 ,2298 ,1954 ,1440 ,1104 ,841 ,696 
A;ICCS0401;NR;IE,2328 ,2522 ,3234 ,2954 ,2811 ,2795 ,2650 ,2424 ,1955 ,2021 ,2175 
A;ICCS0401;NR;IS,43 ,60 ,42 ,42 ,50 ,49 ,51 ,53 ,50 ,49 ,: 
A;ICCS0401;NR;IT,64535 ,50732 ,47996 ,58206 ,62641 ,63770 ,39236 ,35086 ,33422 ,31167 ,28986 
A;ICCS0401;NR;LI,1 ,2 ,2 ,1 ,5 ,1 ,1 ,3 ,4 ,2 ,2 
A;ICCS0401;NR;LT,3452 ,3363 ,2727 ,2502 ,1923 ,1866 ,1688 ,1590 ,1342 ,1088 ,822 
A;ICCS0401;NR;LU,326 ,418 ,377 ,398 ,527 ,582 ,615 ,554 ,459 ,454 ,: 
A;ICCS0401;NR;LV,1441 ,1516 ,1072 ,1047 ,943 ,917 ,809 ,779 ,651 ,604 ,534 
A;ICCS0401;NR;ME,6 ,7 ,3 ,144 ,117 ,161 ,188 ,156 ,128 ,118 ,123 
A;ICCS0401;NR;MK,458 ,597 ,604 ,513 ,469 ,468 ,305 ,278 ,248 ,417 ,: 
A;ICCS0401;NR;MT,147 ,202 ,196 ,219 ,257 ,207 ,190 ,242 ,259 ,202 ,208 
A;ICCS0401;NR;NL,13175 ,16265 ,16290 ,15585 ,14940 ,13345 ,10450 ,9730 ,8985 ,7985 ,7875 
A;ICCS0401;NR;NO,1598 ,1776 ,1687 ,1623 ,1484 ,1667 ,1063 ,930 ,810 ,781 ,: 
A;ICCS0401;NR;PL,21085 ,19267 ,19359 ,17729 ,16685 ,19533 ,13868 ,10210 ,9634 ,8114 ,6801 
A;ICCS0401;NR;PT,20854 ,20472 ,20442 ,20372 ,18514 ,16590 ,15594 ,15472 ,13313 ,11885 ,10545 
A;ICCS0401;NR;RO,2464 ,2541 ,2484 ,2251 ,3193 ,2933 ,6418 ,3358 ,3096 ,3163 ,3275 
A;ICCS0401;NR;RS,4082 ,4593 ,3620 ,3548 ,3791 ,3852 ,3232 ,3034 ,2422 ,1829 ,: 
A;ICCS0401;NR;SE,8909 ,9570 ,9219 ,9719 ,9213 ,8361 ,8364 ,8461 ,8562 ,8649 ,8646 
A;ICCS0401;NR;SI,386 ,481 ,463 ,403 ,391 ,377 ,297 ,232 ,226 ,238 ,264 
A;ICCS0401;NR;SK,1371 ,1358 ,1188 ,851 ,974 ,835 ,680 ,539 ,526 ,469 ,475 
A;ICCS0401;NR;TR,: ,8698 ,8581 ,9662 ,10303 ,: ,: ,: ,: ,: ,: 
A;ICCS0401;NR;UKC-L,80130 ,75105 ,76189 ,74688 ,65155 ,57828 ,50153 ,51133 ,59332 ,77089 ,: 
A;ICCS0401;NR;UKM,2963 ,2496 ,2557 ,2244 ,1832 ,1499 ,1497 ,1327 ,1435 ,1556 ,1807 
A;ICCS0401;NR;UKN,1149 ,1315 ,1349 ,1269 ,1040 ,969 ,906 ,810 ,673 ,567 ,621 
A;ICCS0401;NR;XK,421 ,586 ,566 ,629 ,527 ,510 ,446 ,284 ,288 ,307 ,: 
A;ICCS0401;P_HTHAB;AL,4.54 ,5.31 ,: ,9.46 ,: ,: ,10.25 ,8.11 ,5.53 ,6.36 ,4.63 
A;ICCS0401;P_HTHAB;AT,57.61 ,54.91 ,51.61 ,48.55 ,48.67 ,44.22 ,40.92 ,39.79 ,35.66 ,29.75 ,27.16 
A;ICCS0401;P_HTHAB;BA,19.41 ,: ,: ,25.37 ,26.31 ,: ,: ,: ,: ,: ,: 
A;ICCS0401;P_HTHAB;BE,214.47 ,219.30 ,220.08 ,248.54 ,230.81 ,204.98 ,196.12 ,180.45 ,165.10 ,155.08 ,142.80 
A;ICCS0401;P_HTHAB;BG,38.15 ,48.16 ,50.35 ,42.20 ,40.33 ,40.87 ,32.10 ,27.02 ,23.29 ,21.94 ,17.94 
A;ICCS0401;P_HTHAB;CH,38.05 ,45.83 ,36.64 ,39.55 ,45.29 ,39.76 ,29.08 ,22.57 ,22.53 ,20.74 ,19.38 
A;ICCS0401;P_HTHAB;CY,9.15 ,17.82 ,19.04 ,16.31 ,20.07 ,17.21 ,12.12 ,9.21 ,10.96 ,12.05 ,8.45 
A;ICCS0401;P_HTHAB;CZ,44.87 ,44.96 ,38.41 ,37.01 ,32.52 ,29.01 ,24.23 ,19.19 ,15.60 ,14.98 ,13.25 
A;ICCS0401;P_HTHAB;DE,60.71 ,60.14 ,58.88 ,59.86 ,60.64 ,58.66 ,56.30 ,55.01 ,52.34 ,47.08 ,44.40 
A;ICCS0401;P_HTHAB;DK,62.09 ,72.65 ,60.92 ,58.28 ,53.81 ,57.12 ,41.26 ,35.94 ,38.28 ,35.52 ,31.46 
A;ICCS0401;P_HTHAB;EE,67.91 ,54.35 ,44.93 ,39.48 ,34.48 ,36.06 ,27.36 ,25.63 ,18.85 ,15.28 ,: 
A;ICCS0401;P_HTHAB;EL,29.45 ,42.50 ,54.67 ,59.66 ,54.05 ,44.70 ,34.78 ,39.75 ,43.94 ,39.66 ,40.57 
A;ICCS0401;P_HTHAB;ES,156.39 ,140.92 ,181.58 ,187.97 ,206.34 ,184.12 ,152.34 ,139.03 ,135.56 ,132.74 ,129.23 
A;ICCS0401;P_HTHAB;FI,31.99 ,30.79 ,28.17 ,30.17 ,29.91 ,28.07 ,30.95 ,28.29 ,30.43 ,29.80 ,: 
A;ICCS0401;P_HTHAB;FR,166.60 ,175.24 ,187.19 ,186.16 ,189.67 ,190.02 ,173.02 ,156.59 ,156.72 ,149.81 ,: 
A;ICCS0401;P_HTHAB;HR,29.20 ,32.74 ,28.93 ,32.22 ,37.14 ,35.73 ,29.86 ,31.03 ,25.49 ,20.80 ,18.97 
A;ICCS0401;P_HTHAB;HU,31.14 ,31.49 ,33.91 ,32.08 ,30.57 ,23.19 ,19.78 ,14.61 ,11.23 ,8.58 ,7.12 
A;ICCS0401;P_HTHAB;IE,52.22 ,55.78 ,71.08 ,64.62 ,61.33 ,60.88 ,57.14 ,51.82 ,41.36 ,42.24 ,45.03 
A;ICCS0401;P_HTHAB;IS,13.63 ,18.79 ,13.22 ,13.19 ,15.65 ,15.22 ,15.66 ,16.10 ,15.04 ,14.48 ,: 
A;ICCS0401;P_HTHAB;IT,110.03 ,85.99 ,81.09 ,98.05 ,105.47 ,106.84 ,64.55 ,57.71 ,55.09 ,51.44 ,47.92 
A;ICCS0401;P_HTHAB;LI,2.83 ,5.62 ,5.57 ,2.77 ,13.71 ,2.71 ,2.69 ,8.03 ,10.63 ,5.29 ,5.25 
A;ICCS0401;P_HTHAB;LT,107.45 ,105.63 ,86.79 ,81.96 ,64.02 ,62.79 ,57.35 ,54.43 ,46.46 ,38.20 ,29.26 
A;ICCS0401;P_HTHAB;LU,67.38 ,84.70 ,75.09 ,77.76 ,100.41 ,108.37 ,111.88 ,98.41 ,79.65 ,76.86 ,: 
A;ICCS0401;P_HTHAB;LV,65.74 ,70.09 ,50.55 ,50.47 ,46.12 ,45.31 ,40.42 ,39.22 ,33.06 ,30.97 ,27.61 
A;ICCS0401;P_HTHAB;ME,0.97 ,1.13 ,0.48 ,23.23 ,18.86 ,25.93 ,30.25 ,25.08 ,20.57 ,18.96 ,19.76 
A;ICCS0401;P_HTHAB;MK,22.39 ,29.14 ,29.42 ,24.94 ,22.77 ,22.69 ,14.76 ,13.44 ,11.97 ,20.11 ,: 
A;ICCS0401;P_HTHAB;MT,36.04 ,49.16 ,47.34 ,52.77 ,61.55 ,49.13 ,44.67 ,55.04 ,57.50 ,43.88 ,43.72 
A;ICCS0401;P_HTHAB;NL,80.31 ,98.66 ,98.28 ,93.57 ,89.30 ,79.53 ,62.09 ,57.57 ,52.92 ,46.75 ,45.84 
A;ICCS0401;P_HTHAB;NO,33.73 ,37.01 ,34.72 ,32.99 ,29.76 ,33.00 ,20.81 ,18.00 ,15.54 ,14.85 ,: 
A;ICCS0401;P_HTHAB;PL,55.32 ,50.52 ,50.91 ,46.58 ,43.83 ,51.32 ,36.48 ,26.86 ,25.37 ,21.37 ,17.91 
A;ICCS0401;P_HTHAB;PT,197.61 ,193.81 ,193.33 ,192.68 ,175.61 ,158.19 ,149.55 ,149.13 ,128.74 ,115.28 ,102.47 
A;ICCS0401;P_HTHAB;RO,11.94 ,12.43 ,11.57 ,10.51 ,15.89 ,14.65 ,32.17 ,16.90 ,15.67 ,16.10 ,16.77 
A;ICCS0401;P_HTHAB;RS,55.42 ,62.62 ,49.54 ,48.93 ,52.53 ,53.64 ,45.22 ,42.65 ,34.23 ,25.98 ,: 
A;ICCS0401;P_HTHAB;SE,97.02 ,103.39 ,98.70 ,103.22 ,97.15 ,87.50 ,86.72 ,86.80 ,86.91 ,86.53 ,85.43 
A;ICCS0401;P_HTHAB;SI,19.20 ,23.67 ,22.62 ,19.66 ,19.02 ,18.31 ,14.41 ,11.25 ,10.95 ,11.52 ,12.77 
A;ICCS0401;P_HTHAB;SK,25.50 ,25.23 ,22.04 ,15.78 ,18.02 ,15.43 ,12.56 ,9.94 ,9.69 ,8.63 ,8.73 
A;ICCS0401;P_HTHAB;TR,: ,12.16 ,11.83 ,13.11 ,13.79 ,: ,: ,: ,: ,: ,: 
A;ICCS0401;P_HTHAB;UKC-L,146.72 ,136.46 ,137.37 ,133.53 ,115.58 ,101.88 ,87.71 ,88.70 ,102.06 ,131.63 ,: 
A;ICCS0401;P_HTHAB;UKM,57.13 ,47.84 ,48.74 ,42.50 ,34.53 ,28.18 ,28.05 ,24.76 ,26.63 ,28.74 ,33.24 
A;ICCS0401;P_HTHAB;UKN,64.90 ,73.62 ,74.99 ,70.13 ,57.18 ,53.05 ,49.31 ,43.87 ,36.24 ,30.38 ,33.10 
A;ICCS0401;P_HTHAB;XK,19.55 ,26.87 ,25.63 ,35.06 ,: ,: ,: ,: ,16.26 ,17.21 ,: 
A;ICCS0501;NR;AL,144 ,169 ,231 ,265 ,322 ,365 ,295 ,231 ,151 ,: ,: 
A;ICCS0501;NR;AT,104296 ,107407 ,88508 ,84277 ,85238 ,88703 ,85487 ,79152 ,80503 ,69259 ,58637 
A;ICCS0501;NR;BA,3846 ,12617 ,3474 ,14619 ,13080 ,11907 ,10324 ,2828 ,2639 ,2004 ,1927 
A;ICCS0501;NR;BE,93363 ,97121 ,91395 ,97620 ,102451 ,99934 ,96419 ,91761 ,78944 ,75053 ,70047 
A;ICCS0501;NR;BG,19980 ,23682 ,24005 ,20272 ,16781 ,17163 ,15327 ,12035 ,10161 ,8847 ,7664 
A;ICCS0501;NR;CH,57018 ,64268 ,62243 ,65172 ,73714 ,68730 ,63706 ,52569 ,46539 ,41351 ,38871 
A;ICCS0501;NR;CY,2587 ,2504 ,3232 ,3422 ,3000 ,2707 ,2366 ,1979 ,1721 ,1470 ,1250 
A;ICCS0501;NR;CZ,53381 ,54848 ,58758 ,59672 ,55554 ,62384 ,49304 ,34476 ,28220 ,24127 ,21151 
A;ICCS0501;NR;DE,390367 ,386647 ,397341 ,421243 ,430211 ,437520 ,446073 ,463929 ,432730 ,365182 ,326409 
A;ICCS0501;NR;DK,93578 ,106972 ,96683 ,91732 ,80930 ,78955 ,69637 ,63343 ,60136 ,54922 ,54868 
A;ICCS0501;NR;EL,37006 ,39832 ,52411 ,59624 ,57476 ,49157 ,43647 ,45795 ,44682 ,42248 ,39838 
A;ICCS0501;NR;ES,174761 ,191853 ,200388 ,169383 ,162672 ,167320 ,222039 ,162474 ,160853 ,149651 ,150866 
A;ICCS0501;NR;FI,24634 ,25683 ,25029 ,25851 ,24308 ,22911 ,24725 ,24688 ,24594 ,22103 ,21286 
A;ICCS0501;NR;FR,307744 ,320418 ,327330 ,345500 ,364462 ,385511 ,379153 ,379253 ,382910 ,: ,: 
A;ICCS0501;NR;HR,17471 ,17080 ,18452 ,19237 ,19219 ,18483 ,15302 ,14968 ,12403 ,12821 ,10906 
A;ICCS0501;NR;HU,43002 ,37698 ,44250 ,45273 ,46857 ,37688 ,29883 ,28595 ,: ,: ,: 
A;ICCS0501;NR;IE,25262 ,27502 ,26095 ,28190 ,28439 ,26291 ,27679 ,25712 ,18071 ,18752 ,16634 
A;ICCS0501;NR;IS,2731 ,3524 ,2866 ,1900 ,1374 ,1092 ,1143 ,1273 ,1038 ,1060 ,1286 
A;ICCS0501;NR;LI,107 ,195 ,102 ,98 ,140 ,125 ,222 ,168 ,141 ,127 ,140 
A;ICCS0501;NR;LT,: ,: ,: ,: ,: ,3265 ,3342 ,2999 ,2657 ,2590 ,1983 
A;ICCS0501;NR;LU,2789 ,2951 ,2413 ,3579 ,3163 ,3399 ,4368 ,2111 ,1892 ,2024 ,3667 
A;ICCS0501;NR;LV,2817 ,2876 ,1535 ,: ,977 ,955 ,612 ,501 ,6365 ,5852 ,5422 
A;ICCS0501;NR;ME,1633 ,1673 ,1381 ,1234 ,1383 ,1181 ,951 ,939 ,847 ,903 ,681 
A;ICCS0501;NR;MK,11627 ,11500 ,13399 ,14465 ,14985 ,15109 ,13108 ,: ,: ,: ,: 
A;ICCS0501;NR;MT,1450 ,1352 ,1660 ,1684 ,1682 ,1438 ,1624 ,1041 ,1078 ,1267 ,1211 
A;ICCS0501;NR;NL,287645 ,283785 ,123355 ,124470 ,121055 ,120470 ,103365 ,96590 ,84590 ,74695 ,62890 
A;ICCS0501;NR;NO,22014 ,23676 ,21298 ,17983 ,17391 ,15740 ,14890 ,: ,: ,: ,: 
A;ICCS0501;NR;PL,124066 ,135383 ,140085 ,135611 ,127961 ,118534 ,106896 ,94680 ,79928 ,67712 ,69148 
A;ICCS0501;NR;PT,53751 ,49317 ,50650 ,52086 ,43843 ,38390 ,34612 ,29386 ,26193 ,22873 ,22832 
A;ICCS0501;NR;RO,10285 ,11574 ,14197 ,16311 ,19526 ,19573 ,51116 ,29562 ,27332 ,27177 ,30459 
A;ICCS0501;NR;RS,14040 ,14201 ,15177 ,17430 ,17606 ,31694 ,26788 ,22501 ,19678 ,16827 ,14437 
A;ICCS0501;NR;SE,94278 ,95824 ,92722 ,94316 ,88066 ,85453 ,83517 ,90059 ,89055 ,89981 ,77914 
A;ICCS0501;NR;SI,15310 ,15510 ,13430 ,13696 ,14106 ,15370 ,13603 ,10251 ,10707 ,8752 ,8388 
A;ICCS0501;NR;SK,15159 ,15394 ,14783 ,12884 ,11855 ,11167 ,9427 ,6862 ,6260 ,5720 ,4529 
A;ICCS0501;NR;TR,: ,85050 ,94289 ,100644 ,119533 ,: ,: ,: ,: ,: ,: 
A;ICCS0501;NR;UKC-L,581584 ,540645 ,522683 ,501048 ,459795 ,443212 ,410857 ,401002 ,412086 ,437650 ,422870 
A;ICCS0501;NR;UKM,25496 ,23774 ,25017 ,24222 ,21515 ,22272 ,20607 ,17637 ,16299 ,15130 ,13777 
A;ICCS0501;NR;UKN,12040 ,12699 ,11852 ,11242 ,9521 ,9125 ,8889 ,9166 ,7394 ,6820 ,6388 
A;ICCS0501;NR;XK,6155 ,5893 ,7019 ,7604 ,6989 ,7655 ,7379 ,5681 ,5954 ,5172 ,5202 
A;ICCS0501;P_HTHAB;AL,4.54 ,5.31 ,: ,9.36 ,: ,: ,10.18 ,7.98 ,5.23 ,: ,: 
A;ICCS0501;P_HTHAB;AT,1255.37 ,1288.63 ,1059.77 ,1006.27 ,1013.76 ,1049.51 ,1004.91 ,922.92 ,926.38 ,789.47 ,664.65 
A;ICCS0501;P_HTHAB;BA,100.06 ,328.23 ,90.37 ,380.39 ,340.69 ,: ,: ,: ,: ,: ,: 
A;ICCS0501;P_HTHAB;BE,875.26 ,903.19 ,843.13 ,887.40 ,923.41 ,895.33 ,862.36 ,816.58 ,697.93 ,661.16 ,614.52 
A;ICCS0501;P_HTHAB;BG,265.76 ,317.15 ,323.44 ,275.08 ,229.02 ,235.61 ,211.53 ,167.10 ,142.04 ,124.57 ,108.71 
A;ICCS0501;P_HTHAB;CH,750.87 ,834.44 ,799.44 ,828.09 ,926.67 ,854.95 ,782.66 ,638.15 ,558.88 ,491.13 ,458.16 
A;ICCS0501;P_HTHAB;CY,333.23 ,314.21 ,394.56 ,407.50 ,348.02 ,312.63 ,275.76 ,233.65 ,202.87 ,171.97 ,144.64 
A;ICCS0501;P_HTHAB;CZ,516.09 ,526.08 ,561.63 ,569.02 ,528.81 ,593.22 ,469.01 ,327.15 ,267.39 ,228.07 ,199.35 
A;ICCS0501;P_HTHAB;DE,474.80 ,471.51 ,485.73 ,525.10 ,535.57 ,543.34 ,552.29 ,571.36 ,526.59 ,442.53 ,394.25 
A;ICCS0501;P_HTHAB;DK,1708.94 ,1940.90 ,1746.84 ,1649.67 ,1450.22 ,1409.25 ,1237.50 ,1119.19 ,1053.68 ,955.37 ,949.08 
A;ICCS0501;P_HTHAB;EL,334.56 ,359.02 ,471.35 ,536.02 ,518.44 ,446.74 ,399.45 ,421.76 ,414.35 ,392.34 ,370.89 
A;ICCS0501;P_HTHAB;ES,382.67 ,414.91 ,431.07 ,362.96 ,347.45 ,358.07 ,477.38 ,349.79 ,346.37 ,321.64 ,323.34 
A;ICCS0501;P_HTHAB;FI,464.75 ,482.19 ,467.70 ,480.92 ,450.04 ,422.19 ,453.56 ,451.19 ,448.20 ,401.63 ,386.10 
A;ICCS0501;P_HTHAB;FR,480.80 ,497.93 ,506.24 ,531.71 ,558.33 ,587.67 ,574.98 ,570.41 ,573.56 ,: ,: 
A;ICCS0501;P_HTHAB;HR,405.17 ,396.31 ,428.83 ,448.43 ,449.46 ,433.66 ,360.32 ,354.25 ,295.97 ,308.63 ,265.64 
A;ICCS0501;P_HTHAB;HU,428.08 ,375.82 ,441.87 ,453.38 ,471.78 ,380.35 ,302.54 ,290.14 ,: ,: ,: 
A;ICCS0501;P_HTHAB;IE,566.69 ,608.27 ,573.58 ,616.73 ,620.57 ,572.65 ,596.81 ,549.68 ,382.35 ,391.94 ,344.36 
A;ICCS0501;P_HTHAB;IS,865.72 ,1103.43 ,902.31 ,596.64 ,429.95 ,339.28 ,350.97 ,386.81 ,312.15 ,313.29 ,369.06 
A;ICCS0501;P_HTHAB;LI,302.64 ,547.92 ,284.17 ,271.10 ,383.82 ,339.32 ,597.92 ,449.61 ,374.78 ,335.89 ,367.32 
A;ICCS0501;P_HTHAB;LT,: ,: ,: ,: ,: ,109.86 ,113.54 ,102.66 ,91.98 ,90.94 ,70.60 
A;ICCS0501;P_HTHAB;LU,576.48 ,597.97 ,480.61 ,699.24 ,602.64 ,632.91 ,794.64 ,374.98 ,328.33 ,342.66 ,609.13 
A;ICCS0501;P_HTHAB;LV,128.52 ,132.97 ,72.39 ,: ,47.78 ,47.19 ,30.58 ,25.23 ,323.27 ,300.08 ,280.30 
A;ICCS0501;P_HTHAB;ME,265.29 ,271.08 ,223.10 ,199.08 ,222.95 ,190.21 ,153.01 ,150.94 ,136.13 ,145.09 ,109.42 
A;ICCS0501;P_HTHAB;MK,568.51 ,561.35 ,652.74 ,703.11 ,727.50 ,732.63 ,634.53 ,: ,: ,: ,: 
A;ICCS0501;P_HTHAB;MT,355.54 ,329.01 ,400.94 ,405.79 ,402.83 ,341.27 ,381.77 ,236.76 ,239.33 ,275.26 ,254.57 
A;ICCS0501;P_HTHAB;NL,1753.36 ,1721.39 ,744.22 ,747.31 ,723.57 ,717.96 ,614.20 ,571.51 ,498.20 ,437.29 ,366.04 
A;ICCS0501;P_HTHAB;NO,464.71 ,493.33 ,438.39 ,365.49 ,348.81 ,311.60 ,291.51 ,: ,: ,: ,: 
A;ICCS0501;P_HTHAB;PL,325.50 ,355.00 ,368.42 ,356.28 ,336.18 ,311.42 ,281.17 ,249.12 ,210.52 ,178.32 ,182.08 
A;ICCS0501;P_HTHAB;PT,509.33 ,466.88 ,479.03 ,492.65 ,415.87 ,366.06 ,331.94 ,283.24 ,253.28 ,221.86 ,221.86 
A;ICCS0501;P_HTHAB;RO,49.84 ,56.62 ,66.15 ,76.17 ,97.16 ,97.77 ,256.26 ,148.77 ,138.32 ,138.35 ,155.96 
A;ICCS0501;P_HTHAB;RS,190.62 ,193.61 ,207.71 ,240.36 ,243.96 ,441.33 ,374.83 ,316.27 ,278.08 ,239.01 ,206.20 
A;ICCS0501;P_HTHAB;SE,1026.67 ,1035.22 ,992.67 ,1001.70 ,928.69 ,894.24 ,865.92 ,923.93 ,904.02 ,900.25 ,769.88 
A;ICCS0501;P_HTHAB;SI,761.59 ,763.15 ,656.09 ,668.04 ,686.26 ,746.54 ,659.99 ,496.93 ,518.70 ,423.64 ,405.83 
A;ICCS0501;P_HTHAB;SK,281.97 ,286.01 ,274.25 ,238.93 ,219.36 ,206.38 ,174.06 ,126.57 ,115.37 ,105.24 ,83.21 
A;ICCS0501;P_HTHAB;TR,: ,118.92 ,129.94 ,136.52 ,159.97 ,: ,: ,: ,: ,: ,: 
A;ICCS0501;P_HTHAB;UKC-L,1064.87 ,982.29 ,942.37 ,895.81 ,815.67 ,780.87 ,718.55 ,695.62 ,708.87 ,747.32 ,717.21 
A;ICCS0501;P_HTHAB;UKM,491.63 ,455.71 ,476.83 ,458.70 ,405.46 ,418.64 ,386.08 ,329.26 ,303.15 ,279.42 ,253.40 
A;ICCS0501;P_HTHAB;UKN,680.09 ,710.96 ,658.80 ,621.26 ,523.44 ,499.55 ,483.81 ,496.24 ,397.84 ,365.36 ,340.52 
A;ICCS0501;P_HTHAB;XK,285.86 ,270.24 ,317.87 ,423.81 ,: ,: ,: ,: ,336.08 ,289.99 ,289.24 
A;ICCS05012;NR;AL,697 ,757 ,957 ,979 ,1238 ,1277 ,1657 ,1387 ,1216 ,1145 ,1218 
A;ICCS05012;NR;AT,17180 ,19718 ,14646 ,15616 ,15479 ,16548 ,17110 ,15516 ,12975 ,11802 ,9784 
A;ICCS05012;NR;BA,: ,3673 ,: ,: ,: ,146 ,: ,1181 ,: ,: ,: 
A;ICCS05012;NR;BE,64061 ,69456 ,63598 ,70037 ,75640 ,75481 ,72675 ,65716 ,55361 ,52267 ,50486 
A;ICCS05012;NR;BG,6745 ,7963 ,8338 ,6558 ,6456 ,6396 ,5345 ,4433 ,: ,: ,: 
A;ICCS05012;NR;CH,: ,26101 ,25074 ,28485 ,35801 ,39672 ,36697 ,30664 ,26047 ,24081 ,23420 
A;ICCS05012;NR;CY,: ,: ,: ,1961 ,2010 ,1785 ,1625 ,1362 ,1088 ,923 ,: 
A;ICCS05012;NR;CZ,4634 ,4790 ,5374 ,5257 ,5479 ,15958 ,12832 ,9448 ,8026 ,7233 ,6029 
A;ICCS05012;NR;DE,108284 ,113800 ,121347 ,132595 ,144117 ,149500 ,152123 ,167136 ,151265 ,116540 ,97504 
A;ICCS05012;NR;DK,58790 ,66881 ,62450 ,63390 ,57927 ,56526 ,50646 ,45726 ,44379 ,40391 ,39821 
A;ICCS05012;NR;EE,3321 ,3027 ,3196 ,2792 ,2718 ,2132 ,2072 ,1662 ,1328 ,965 ,755 
A;ICCS05012;NR;EL,17953 ,18849 ,24603 ,27569 ,28193 ,25549 ,22881 ,24022 ,23420 ,22043 ,20754 
A;ICCS05012;NR;ES,93920 ,97852 ,110231 ,100780 ,126425 ,127444 ,121779 ,115302 ,113299 ,105095 ,107188 
A;ICCS05012;NR;FI,5978 ,6497 ,6453 ,6672 ,6281 ,5748 ,6365 ,5970 ,5299 ,4771 ,4926 
A;ICCS05012;NR;FR,166250 ,179408 ,189947 ,220049 ,238088 ,250432 ,235619 ,231785 ,241199 ,: ,: 
A;ICCS05012;NR;HR,2714 ,2777 ,4108 ,4616 ,5664 ,5996 ,4944 ,4909 ,4409 ,4534 ,3858 
A;ICCS05012;NR;HU,19239 ,17625 ,21979 ,22534 ,23739 ,21606 ,24126 ,20291 ,: ,: ,: 
A;ICCS05012;NR;IS,: ,968 ,941 ,613 ,453 ,382 ,389 ,402 ,309 ,383 ,508 
A;ICCS05012;NR;IT,150761 ,150843 ,169163 ,204891 ,237355 ,251422 ,255886 ,234726 ,214053 ,195824 ,191374 
A;ICCS05012;NR;LI,105 ,193 ,: ,90 ,51 ,92 ,116 ,102 ,77 ,: ,: 
A;ICCS05012;NR;LT,6076 ,5799 ,4905 ,4081 ,3526 ,3265 ,3342 ,2999 ,2657 ,2590 ,1983 
A;ICCS05012;NR;LU,1492 ,1639 ,1352 ,2154 ,1862 ,2228 ,3315 ,2696 ,2123 ,: ,: 
A;ICCS05012;NR;LV,1717 ,1809 ,800 ,: ,731 ,703 ,432 ,255 ,1733 ,1429 ,1283 
A;ICCS05012;NR;MK,1346 ,1612 ,1610 ,2160 ,1987 ,2639 ,2881 ,: ,: ,: ,: 
A;ICCS05012;NR;MT,788 ,812 ,890 ,952 ,1004 ,777 ,932 ,712 ,772 ,853 ,864 
A;ICCS05012;NR;NL,91245 ,94580 ,78830 ,82890 ,85810 ,85475 ,71235 ,66325 ,56725 ,49900 ,42385 
A;ICCS05012;NR;NO,8125 ,9035 ,7284 ,5790 ,5987 ,5458 ,5035 ,: ,: ,: ,: 
A;ICCS05012;NR;PL,20892 ,22194 ,24123 ,25544 ,26825 ,22881 ,12563 ,11415 ,: ,21120 ,19390 
A;ICCS05012;NR;PT,29663 ,26045 ,26653 ,28307 ,25151 ,22206 ,19312 ,16186 ,14369 ,12300 ,12161 
A;ICCS05012;NR;RO,10285 ,11574 ,14197 ,16311 ,15292 ,15085 ,25592 ,15115 ,14835 ,14477 ,16584 
A;ICCS05012;NR;RS,6009 ,6121 ,5946 ,6925 ,6738 ,6796 ,6107 ,5511 ,5210 ,6517 ,5923 
A;ICCS05012;NR;SE,37870 ,39700 ,40562 ,42847 ,39552 ,40654 ,37978 ,42493 ,42221 ,43256 ,36820 
A;ICCS05012;NR;SI,2036 ,2231 ,2563 ,2486 ,2717 ,3815 ,3670 ,3117 ,3184 ,2905 ,2614 
A;ICCS05012;NR;SK,2118 ,2330 ,3495 ,3024 ,3163 ,3226 ,2708 ,1924 ,1764 ,1645 ,1324 
A;ICCS05012;NR;TR,: ,44244 ,46493 ,47532 ,54179 ,: ,: ,: ,: ,: ,: 
A;ICCS05012;NR;UKC-L,284431 ,268606 ,258165 ,245312 ,227276 ,211988 ,196554 ,194375 ,206144 ,249527 ,236519 
A;ICCS05012;NR;UKM,17223 ,16727 ,17657 ,17375 ,15656 ,16334 ,15166 ,13051 ,12036 ,10893 ,9573 
A;ICCS05012;NR;UKN,7041 ,7524 ,7116 ,6957 ,5868 ,5804 ,5713 ,6101 ,4963 ,: ,: 
A;ICCS05012;NR;XK,2376 ,2305 ,2977 ,3329 ,3256 ,6566 ,5348 ,4207 ,4467 ,: ,: 
A;ICCS05012;P_HTHAB;AL,21.99 ,23.77 ,: ,34.57 ,: ,: ,57.21 ,47.95 ,42.13 ,39.80 ,42.43 
A;ICCS05012;P_HTHAB;AT,206.79 ,236.57 ,175.37 ,186.46 ,184.10 ,195.79 ,201.13 ,180.92 ,149.31 ,134.53 ,110.90 
A;ICCS05012;P_HTHAB;BA,: ,95.55 ,: ,: ,: ,: ,: ,: ,: ,: ,: 
A;ICCS05012;P_HTHAB;BE,600.56 ,645.92 ,586.70 ,636.66 ,681.76 ,676.25 ,650.00 ,584.80 ,489.44 ,460.43 ,442.91 
A;ICCS05012;P_HTHAB;BG,89.72 ,106.64 ,112.35 ,88.99 ,88.11 ,87.80 ,73.77 ,61.55 ,: ,: ,: 
A;ICCS05012;P_HTHAB;CH,: ,338.89 ,322.05 ,361.94 ,450.06 ,493.49 ,450.84 ,372.24 ,312.80 ,286.01 ,276.04 
A;ICCS05012;P_HTHAB;CY,: ,: ,: ,233.52 ,233.18 ,206.15 ,189.39 ,160.80 ,128.25 ,107.98 ,: 
A;ICCS05012;P_HTHAB;CZ,44.80 ,45.94 ,51.36 ,50.13 ,52.15 ,151.75 ,122.07 ,89.65 ,76.05 ,68.37 ,56.82 
A;ICCS05012;P_HTHAB;DE,131.70 ,138.78 ,148.34 ,165.28 ,179.41 ,185.66 ,188.35 ,205.84 ,184.08 ,141.22 ,117.77 
A;ICCS05012;P_HTHAB;DK,1073.63 ,1213.49 ,1128.33 ,1139.98 ,1038.02 ,1008.92 ,900.02 ,807.92 ,777.59 ,702.60 ,688.80 
A;ICCS05012;P_HTHAB;EE,248.12 ,226.62 ,239.71 ,209.98 ,205.10 ,161.49 ,157.47 ,126.40 ,100.92 ,73.35 ,57.23 
A;ICCS05012;P_HTHAB;EL,160.55 ,169.89 ,221.26 ,247.85 ,254.30 ,232.19 ,209.40 ,221.24 ,217.18 ,204.70 ,193.22 
A;ICCS05012;P_HTHAB;ES,205.65 ,211.62 ,237.12 ,215.95 ,270.03 ,272.74 ,261.82 ,248.23 ,243.97 ,225.87 ,229.73 
A;ICCS05012;P_HTHAB;FI,112.78 ,121.98 ,120.58 ,124.12 ,116.29 ,105.92 ,116.76 ,109.11 ,96.57 ,86.69 ,89.35 
A;ICCS05012;P_HTHAB;FR,259.74 ,278.80 ,293.77 ,338.65 ,364.73 ,381.75 ,357.31 ,348.61 ,361.29 ,: ,: 
A;ICCS05012;P_HTHAB;HR,62.94 ,64.43 ,95.47 ,107.60 ,132.46 ,140.68 ,116.42 ,116.18 ,105.21 ,109.14 ,93.97 
A;ICCS05012;P_HTHAB;HU,191.52 ,175.71 ,219.48 ,225.66 ,239.02 ,218.05 ,244.26 ,205.88 ,: ,: ,: 
A;ICCS05012;P_HTHAB;IS,: ,303.10 ,296.26 ,192.49 ,141.75 ,118.69 ,119.45 ,122.15 ,92.92 ,113.20 ,145.79 
A;ICCS05012;P_HTHAB;IT,257.04 ,255.66 ,285.80 ,345.14 ,399.63 ,421.25 ,420.99 ,386.09 ,352.84 ,323.20 ,316.40 
A;ICCS05012;P_HTHAB;LI,296.98 ,542.30 ,: ,248.97 ,139.82 ,249.74 ,312.42 ,272.98 ,204.67 ,: ,: 
A;ICCS05012;P_HTHAB;LT,189.13 ,182.14 ,156.11 ,133.69 ,117.39 ,109.86 ,113.54 ,102.66 ,91.98 ,90.94 ,70.60 
A;ICCS05012;P_HTHAB;LU,308.39 ,332.12 ,269.29 ,420.83 ,354.77 ,414.87 ,603.08 ,478.90 ,368.42 ,: ,: 
A;ICCS05012;P_HTHAB;LV,78.34 ,83.64 ,37.73 ,: ,35.75 ,34.74 ,21.58 ,12.84 ,88.02 ,73.28 ,66.33 
A;ICCS05012;P_HTHAB;MK,65.81 ,78.69 ,78.43 ,104.99 ,96.47 ,127.96 ,139.46 ,: ,: ,: ,: 
A;ICCS05012;P_HTHAB;MT,193.22 ,197.60 ,214.96 ,229.40 ,240.45 ,184.40 ,219.10 ,165.83 ,177.72 ,185.32 ,181.63 
A;ICCS05012;P_HTHAB;NL,556.19 ,573.71 ,475.60 ,497.66 ,512.90 ,509.40 ,423.28 ,392.44 ,334.09 ,292.13 ,246.70 
A;ICCS05012;P_HTHAB;NO,171.52 ,188.26 ,149.93 ,117.68 ,120.08 ,108.05 ,98.57 ,: ,: ,: ,: 
A;ICCS05012;P_HTHAB;PL,54.81 ,58.20 ,63.44 ,67.11 ,70.47 ,60.11 ,33.04 ,30.04 ,: ,55.62 ,51.06 
A;ICCS05012;P_HTHAB;PT,281.08 ,246.57 ,252.07 ,267.74 ,238.57 ,211.74 ,185.21 ,156.01 ,138.95 ,119.31 ,118.17 
A;ICCS05012;P_HTHAB;RO,49.84 ,56.62 ,66.15 ,76.17 ,76.09 ,75.35 ,128.30 ,76.07 ,75.07 ,73.70 ,84.91 
A;ICCS05012;P_HTHAB;RS,81.58 ,83.45 ,81.38 ,95.50 ,93.37 ,94.63 ,85.45 ,77.46 ,73.63 ,92.57 ,84.60 
A;ICCS05012;P_HTHAB;SE,412.40 ,428.89 ,434.25 ,455.07 ,417.09 ,425.43 ,393.76 ,435.94 ,428.60 ,432.77 ,363.83 
A;ICCS05012;P_HTHAB;SI,101.28 ,109.77 ,125.21 ,121.26 ,132.18 ,185.30 ,178.06 ,151.10 ,154.25 ,140.62 ,126.47 
A;ICCS05012;P_HTHAB;SK,39.40 ,43.29 ,64.84 ,56.08 ,58.53 ,59.62 ,50.00 ,35.49 ,32.51 ,30.26 ,24.32 
A;ICCS05012;P_HTHAB;TR,: ,61.86 ,64.07 ,64.47 ,72.51 ,: ,: ,: ,: ,: ,: 
A;ICCS05012;P_HTHAB;UKC-L,520.79 ,488.03 ,465.46 ,438.59 ,403.19 ,373.49 ,343.76 ,337.18 ,354.61 ,426.08 ,401.15 
A;ICCS05012;P_HTHAB;UKM,332.11 ,320.63 ,336.54 ,329.04 ,295.05 ,307.02 ,284.14 ,243.65 ,223.86 ,201.17 ,176.07 
A;ICCS05012;P_HTHAB;UKN,397.72 ,421.23 ,395.55 ,384.46 ,322.61 ,317.74 ,310.95 ,330.30 ,267.04 ,: ,: 
A;ICCS05012;P_HTHAB;XK,110.35 ,105.70 ,134.82 ,185.54 ,: ,: ,: ,: ,252.14 ,: ,: 
A;ICCS0502;NR;AL,3596 ,3577 ,3978 ,4621 ,5344 ,5255 ,7961 ,7012 ,5641 ,5096 ,5414 
A;ICCS0502;NR;AT,174008 ,170683 ,150728 ,144326 ,146520 ,154002 ,148263 ,140254 ,143531 ,125376 ,112613 
A;ICCS0502;NR;BA,8180 ,6740 ,11362 ,6737 ,6675 ,6477 ,5931 ,4874 ,4491 ,4143 ,3812 
A;ICCS0502;NR;BE,245682 ,249627 ,228355 ,242399 ,237921 ,224109 ,208443 ,246853 ,232387 ,223088 ,218243 
A;ICCS0502;NR;BG,42553 ,44278 ,50479 ,47323 ,44462 ,45256 ,41246 ,38315 ,32727 ,40947 ,36922 
A;ICCS0502;NR;CH,120817 ,183916 ,174349 ,203381 ,215178 ,197389 ,174601 ,157911 ,146359 ,141504 ,136011 
A;ICCS0502;NR;CY,3191 ,2912 ,1670 ,1697 ,1567 ,1272 ,990 ,943 ,731 ,959 ,716 
A;ICCS0502;NR;CZ,148264 ,139113 ,127021 ,125039 ,120028 ,126223 ,104464 ,85366 ,71224 ,66101 ,59438 
A;ICCS0502;NR;DE,2052913 ,1308687 ,1219983 ,1276065 ,1267576 ,1289071 ,1322144 ,1348955 ,1290481 ,1156422 ,1082478 
A;ICCS0502;NR;DK,297206 ,300515 ,292350 ,291387 ,281515 ,269086 ,250773 ,225868 ,225511 ,213924 ,182819 
A;ICCS0502;NR;EE,23506 ,24835 ,25253 ,20175 ,18628 ,16465 ,15738 ,11354 ,8982 ,7633 ,7403 
A;ICCS0502;NR;EL,53928 ,60249 ,67446 ,70517 ,62447 ,53810 ,50710 ,55151 ,57158 ,67849 ,58296 
A;ICCS0502;NR;ES,237525 ,217648 ,144618 ,155122 ,165297 ,163464 ,155253 ,205751 ,163077 ,162426 ,168203 
A;ICCS0502;NR;FI,139476 ,141266 ,136935 ,139868 ,126244 ,128169 ,127342 ,122404 ,114490 ,110243 ,107937 
A;ICCS0502;NR;FR,962583 ,1383325 ,1172553 ,1163793 ,1173885 ,1390001 ,1429398 ,1397363 ,1381425 ,: ,: 
A;ICCS0502;NR;HR,15300 ,14095 ,13575 ,15929 ,17248 ,14051 ,12043 ,13547 ,12739 ,12413 ,11481 
A;ICCS0502;NR;HU,127125 ,125247 ,161051 ,157234 ,159047 ,124276 ,106939 ,111326 ,93592 ,80335 ,64190 
A;ICCS0502;NR;IE,76821 ,76913 ,76653 ,76669 ,76113 ,78431 ,77619 ,72716 ,62043 ,66942 ,64535 
A;ICCS0502;NR;IS,4718 ,5589 ,4920 ,4203 ,4147 ,4102 ,3670 ,4032 ,3472 ,3822 ,3285 
A;ICCS0502;NR;IT,1223105 ,1152323 ,944025 ,1038883 ,1066669 ,1303355 ,1317327 ,1229103 ,1132814 ,1069965 ,1001327 
A;ICCS0502;NR;LI,178 ,201 ,174 ,184 ,197 ,233 ,214 ,193 ,196 ,149 ,162 
A;ICCS0502;NR;LT,29610 ,30379 ,26530 ,27299 ,23478 ,27952 ,27895 ,22783 ,19963 ,17040 ,12833 
A;ICCS0502;NR;LU,7021 ,7079 ,7218 ,8775 ,9243 ,10334 ,10259 ,9193 ,9954 ,10090 ,10312 
A;ICCS0502;NR;LV,25844 ,29163 ,25659 ,: ,21341 ,20623 ,20578 ,19387 ,14570 ,14534 ,14047 
A;ICCS0502;NR;ME,794 ,656 ,530 ,673 ,857 ,739 ,892 ,827 ,506 ,503 ,440 
A;ICCS0502;NR;MK,6627 ,5744 ,5423 ,5552 ,6034 ,5530 ,4983 ,: ,: ,: ,: 
A;ICCS0502;NR;MT,8525 ,7244 ,7769 ,8520 ,8690 ,8469 ,8198 ,8653 ,8821 ,8255 ,6528 
A;ICCS0502;NR;NL,704160 ,703315 ,379465 ,392910 ,392775 ,391945 ,365370 ,335120 ,304065 ,259095 ,234150 
A;ICCS0502;NR;NO,150703 ,160063 ,151234 ,148128 ,155365 ,145940 ,132018 ,114828 ,104507 ,94179 ,92320 
A;ICCS0502;NR;PL,214414 ,208194 ,203916 ,230247 ,230751 ,212143 ,168567 ,145212 ,126392 ,106923 ,98833 
A;ICCS0502;NR;PT,126956 ,121199 ,95064 ,98398 ,102271 ,94902 ,91041 ,98434 ,89305 ,88541 ,87569 
A;ICCS0502;NR;RO,41874 ,49398 ,48828 ,47322 ,56732 ,57557 ,164396 ,108439 ,92099 ,96154 ,100407 
A;ICCS0502;NR;RS,19863 ,17833 ,15912 ,17529 ,17900 ,30882 ,26754 ,24483 ,22437 ,20769 ,18972 
A;ICCS0502;NR;SE,436446 ,425878 ,402974 ,415029 ,408420 ,410762 ,399432 ,399646 ,375396 ,360113 ,334286 
A;ICCS0502;NR;SI,28765 ,28566 ,28911 ,30677 ,33905 ,34942 ,30103 ,22798 ,21394 ,20539 ,19613 
A;ICCS0502;NR;SK,33743 ,31549 ,41814 ,37613 ,34730 ,20708 ,18568 ,24091 ,15870 ,15611 ,18078 
A;ICCS0502;NR;TR,: ,174545 ,207945 ,209866 ,239926 ,: ,: ,: ,: ,: ,: 
A;ICCS0502;NR;UKC-L,1592758 ,1591975 ,1478601 ,1481675 ,1361329 ,1326649 ,1339640 ,1357563 ,1467499 ,1573004 ,1593128 
A;ICCS0502;NR;UKM,117033 ,115891 ,107894 ,108956 ,94551 ,101870 ,95021 ,86748 ,84867 ,86543 ,86569 
A;ICCS0502;NR;UKN,24380 ,28608 ,23579 ,24480 ,23824 ,27289 ,26831 ,25707 ,24041 ,23407 ,24178 
A;ICCS0502;NR;XK,15466 ,13771 ,15234 ,17141 ,16292 ,16962 ,8228 ,12295 ,12593 ,5569 ,5569 
A;ICCS0502;P_HTHAB;AL,100.88 ,96.49 ,: ,163.19 ,: ,: ,274.90 ,242.98 ,196.17 ,177.15 ,188.62 
A;ICCS0502;P_HTHAB;AT,2094.47 ,2047.79 ,1804.77 ,1723.26 ,1742.60 ,1822.11 ,1742.86 ,1635.37 ,1651.67 ,1429.13 ,1276.46 
A;ICCS0502;P_HTHAB;BA,212.81 ,175.34 ,295.57 ,175.30 ,173.86 ,: ,: ,: ,: ,: ,: 
A;ICCS0502;P_HTHAB;BE,2303.23 ,2321.45 ,2106.61 ,2203.50 ,2144.43 ,2007.85 ,1864.29 ,2196.73 ,2054.50 ,1965.23 ,1914.65 
A;ICCS0502;P_HTHAB;BG,566.01 ,592.97 ,680.15 ,642.15 ,606.81 ,621.26 ,569.25 ,531.99 ,457.48 ,576.57 ,523.71 
A;ICCS0502;P_HTHAB;CH,1591.06 ,2387.94 ,2239.32 ,2584.21 ,2705.06 ,2455.37 ,2145.07 ,1916.94 ,1757.62 ,1680.66 ,1603.12 
A;ICCS0502;P_HTHAB;CY,411.03 ,365.40 ,203.87 ,202.08 ,181.78 ,146.90 ,115.38 ,111.33 ,86.17 ,112.19 ,82.85 
A;ICCS0502;P_HTHAB;CZ,1433.41 ,1334.32 ,1214.11 ,1192.35 ,1142.53 ,1200.28 ,993.72 ,810.06 ,674.86 ,624.84 ,560.20 
A;ICCS0502;P_HTHAB;DE,2496.92 ,1595.91 ,1491.38 ,1590.67 ,1578.00 ,1600.86 ,1636.98 ,1661.33 ,1570.39 ,1401.36 ,1307.46 
A;ICCS0502;P_HTHAB;DK,5427.63 ,5452.55 ,5282.09 ,5240.18 ,5044.60 ,4802.85 ,4456.42 ,3990.80 ,3951.31 ,3721.21 ,3162.31 
A;ICCS0502;P_HTHAB;EE,1756.22 ,1859.27 ,1894.04 ,1517.31 ,1405.66 ,1247.18 ,1196.06 ,863.51 ,682.55 ,580.18 ,561.20 
A;ICCS0502;P_HTHAB;EL,487.55 ,543.04 ,606.57 ,633.95 ,563.28 ,489.02 ,464.09 ,507.93 ,530.04 ,630.09 ,542.73 
A;ICCS0502;P_HTHAB;ES,520.10 ,470.70 ,311.10 ,332.40 ,353.06 ,349.82 ,333.79 ,442.96 ,351.16 ,349.09 ,360.50 
A;ICCS0502;P_HTHAB;FI,2631.38 ,2652.22 ,2558.85 ,2602.06 ,2337.30 ,2361.83 ,2336.01 ,2237.02 ,2086.45 ,2003.22 ,1957.82 
A;ICCS0502;P_HTHAB;FR,1503.87 ,2149.68 ,1813.45 ,1791.04 ,1798.31 ,2118.89 ,2167.66 ,2101.67 ,2069.24 ,: ,: 
A;ICCS0502;P_HTHAB;HR,354.83 ,327.05 ,315.49 ,371.32 ,403.37 ,329.67 ,283.58 ,320.62 ,303.98 ,298.81 ,279.65 
A;ICCS0502;P_HTHAB;HU,1265.50 ,1248.60 ,1608.21 ,1574.59 ,1601.37 ,1254.20 ,1082.67 ,1129.57 ,952.06 ,819.95 ,656.45 
A;ICCS0502;P_HTHAB;IE,1723.30 ,1701.11 ,1684.89 ,1677.33 ,1660.87 ,1708.33 ,1673.60 ,1554.55 ,1312.72 ,1399.18 ,1336.02 
A;ICCS0502;P_HTHAB;IS,1495.60 ,1750.02 ,1548.97 ,1319.82 ,1297.66 ,1274.48 ,1126.90 ,1225.16 ,1044.12 ,1129.60 ,942.75 
A;ICCS0502;P_HTHAB;IT,2085.33 ,1953.07 ,1594.90 ,1750.00 ,1795.91 ,2183.71 ,2167.27 ,2021.70 ,1867.31 ,1765.93 ,1655.52 
A;ICCS0502;P_HTHAB;LI,503.45 ,564.78 ,484.76 ,509.00 ,540.10 ,632.50 ,576.37 ,516.51 ,520.97 ,394.08 ,425.04 
A;ICCS0502;P_HTHAB;LT,921.68 ,954.16 ,844.37 ,894.29 ,781.65 ,940.54 ,947.69 ,779.90 ,691.11 ,598.33 ,456.87 
A;ICCS0502;P_HTHAB;LU,1451.22 ,1434.45 ,1437.66 ,1714.40 ,1761.06 ,1924.26 ,1866.36 ,1632.98 ,1727.38 ,1708.24 ,1712.94 
A;ICCS0502;P_HTHAB;LV,1179.12 ,1348.37 ,1210.04 ,: ,1043.67 ,1019.01 ,1028.15 ,976.14 ,739.99 ,745.29 ,726.18 
A;ICCS0502;P_HTHAB;ME,128.99 ,106.29 ,85.62 ,108.57 ,138.16 ,119.02 ,143.52 ,132.94 ,81.32 ,80.82 ,70.70 
A;ICCS0502;P_HTHAB;MK,324.03 ,280.38 ,264.19 ,269.87 ,292.94 ,268.15 ,241.22 ,: ,: ,: ,: 
A;ICCS0502;P_HTHAB;MT,2090.32 ,1762.85 ,1876.45 ,2053.07 ,2081.21 ,2009.90 ,1927.20 ,2015.40 ,2030.60 ,1793.41 ,1372.29 
A;ICCS0502;P_HTHAB;NL,4292.25 ,4266.19 ,2289.38 ,2359.00 ,2347.68 ,2335.85 ,2171.04 ,1982.87 ,1790.82 ,1516.82 ,1362.84 
A;ICCS0502;P_HTHAB;NO,3181.29 ,3335.17 ,3112.96 ,3010.55 ,3116.11 ,2889.17 ,2584.55 ,2222.55 ,2005.61 ,1791.05 ,1743.33 
A;ICCS0502;P_HTHAB;PL,562.54 ,545.93 ,536.30 ,604.91 ,606.22 ,557.35 ,443.39 ,382.08 ,332.90 ,281.58 ,260.25 
A;ICCS0502;P_HTHAB;PT,1202.99 ,1147.39 ,899.08 ,930.68 ,970.09 ,904.92 ,873.10 ,948.78 ,863.57 ,858.82 ,850.93 
A;ICCS0502;P_HTHAB;RO,202.92 ,241.67 ,227.51 ,220.99 ,282.30 ,287.50 ,824.15 ,545.72 ,466.08 ,489.47 ,514.10 
A;ICCS0502;P_HTHAB;RS,269.68 ,243.12 ,217.77 ,241.73 ,248.04 ,430.02 ,374.35 ,344.13 ,317.07 ,295.00 ,270.97 
A;ICCS0502;P_HTHAB;SE,4752.79 ,4600.93 ,4314.18 ,4407.90 ,4306.93 ,4298.52 ,4141.40 ,4100.05 ,3810.73 ,3602.88 ,3303.14 
A;ICCS0502;P_HTHAB;SI,1430.90 ,1405.56 ,1412.38 ,1496.30 ,1649.48 ,1697.18 ,1460.54 ,1105.16 ,1036.44 ,994.19 ,948.92 
A;ICCS0502;P_HTHAB;SK,627.65 ,586.15 ,775.71 ,697.51 ,642.63 ,382.71 ,342.84 ,444.37 ,292.47 ,287.21 ,332.13 
A;ICCS0502;P_HTHAB;TR,: ,244.06 ,286.58 ,284.67 ,321.08 ,: ,: ,: ,: ,: ,: 
A;ICCS0502;P_HTHAB;UKC-L,2916.32 ,2892.44 ,2665.85 ,2649.05 ,2414.98 ,2337.36 ,2342.92 ,2354.96 ,2524.38 ,2686.01 ,2702.02 
A;ICCS0502;P_HTHAB;UKM,2256.72 ,2221.44 ,2056.47 ,2063.33 ,1781.88 ,1914.81 ,1780.27 ,1619.49 ,1578.45 ,1598.29 ,1592.24 
A;ICCS0502;P_HTHAB;UKN,1377.12 ,1601.62 ,1310.66 ,1352.83 ,1309.78 ,1493.93 ,1460.35 ,1392.41 ,1294.58 ,1253.97 ,1288.84 
A;ICCS0502;P_HTHAB;XK,718.30 ,631.50 ,689.91 ,955.37 ,: ,: ,: ,: ,710.82 ,312.25 ,309.65 
A;ICCS050211;NR;AL,398 ,504 ,627 ,611 ,677 ,572 ,401 ,277 ,298 ,329 ,252 
A;ICCS050211;NR;AT,9049 ,9289 ,5150 ,5158 ,4446 ,11478 ,10304 ,9743 ,9023 ,8006 ,6333 
A;ICCS050211;NR;BA,1725 ,1738 ,1628 ,1091 ,1328 ,1376 ,1361 ,1278 ,1029 ,777 ,576 
A;ICCS050211;NR;BE,23303 ,21906 ,19851 ,19375 ,17212 ,15794 ,15783 ,19376 ,17434 ,15818 ,13859 
A;ICCS050211;NR;BG,4620 ,4470 ,3938 ,3234 ,3082 ,3583 ,3721 ,3540 ,2759 ,2043 ,1740 
A;ICCS050211;NR;CH,: ,8500 ,7604 ,7540 ,7690 ,6302 ,6606 ,6325 ,6048 ,6636 ,7640 
A;ICCS050211;NR;CY,1786 ,1627 ,1705 ,1783 ,1749 ,1317 ,1187 ,961 ,989 ,960 ,: 
A;ICCS050211;NR;CZ,31594 ,68515 ,61379 ,55600 ,49466 ,53320 ,41085 ,30387 ,9161 ,8213 ,7027 
A;ICCS050211;NR;DE,89036 ,87693 ,76123 ,70841 ,64017 ,59528 ,58401 ,56563 ,59633 ,54114 ,50440 
A;ICCS050211;NR;DK,745 ,775 ,552 ,456 ,335 ,288 ,284 ,230 ,241 ,218 ,231 
A;ICCS050211;NR;EE,1035 ,934 ,870 ,752 ,620 ,547 ,597 ,505 ,373 ,339 ,281 
A;ICCS050211;NR;EL,23550 ,26708 ,27587 ,32253 ,31166 ,28800 ,24986 ,26524 ,26180 ,34026 ,23969 
A;ICCS050211;NR;ES,92196 ,77898 ,65672 ,51799 ,47125 ,41499 ,36466 ,31137 ,31678 ,32895 ,30182 
A;ICCS050211;NR;FI,13804 ,12188 ,11150 ,11983 ,8815 ,7961 ,7774 ,7432 ,6702 ,6100 ,5794 
A;ICCS050211;NR;FR,211484 ,207947 ,195367 ,186824 ,178333 ,173232 ,169084 ,168072 ,161512 ,: ,: 
A;ICCS050211;NR;HR,1927 ,1828 ,1382 ,1315 ,1142 ,866 ,633 ,760 ,890 ,854 ,923 
A;ICCS050211;NR;HU,7982 ,8015 ,5866 ,6163 ,6921 ,5692 ,4803 ,3175 ,: ,: ,: 
A;ICCS050211;NR;IE,14461 ,13311 ,11619 ,10481 ,8478 ,7359 ,7764 ,4902 ,3405 ,3460 ,3742 
A;ICCS050211;NR;IS,427 ,546 ,450 ,443 ,335 ,239 ,392 ,475 ,439 ,79 ,78 
A;ICCS050211;NR;IT,229961 ,213407 ,197583 ,198774 ,196589 ,183486 ,176461 ,165650 ,156942 ,145758 ,141132 
A;ICCS050211;NR;LI,16 ,7 ,3 ,1 ,6 ,5 ,5 ,14 ,31 ,2 ,5 
A;ICCS050211;NR;LT,2553 ,1967 ,2060 ,1807 ,1724 ,1504 ,1255 ,1138 ,1263 ,999 ,787 
A;ICCS050211;NR;LU,344 ,419 ,418 ,456 ,372 ,2285 ,2240 ,302 ,242 ,288 ,293 
A;ICCS050211;NR;LV,2205 ,2096 ,1441 ,: ,910 ,1347 ,1323 ,1483 ,975 ,1082 ,943 
A;ICCS050211;NR;ME,22 ,51 ,40 ,48 ,43 ,39 ,21 ,32 ,38 ,31 ,31 
A;ICCS050211;NR;MK,581 ,607 ,527 ,487 ,371 ,507 ,542 ,: ,: ,: ,: 
A;ICCS050211;NR;MT,398 ,401 ,372 ,364 ,306 ,325 ,242 ,229 ,256 ,332 ,317 
A;ICCS050211;NR;NL,21665 ,21850 ,40560 ,40900 ,39170 ,38460 ,37445 ,35915 ,31260 ,27750 ,27735 
A;ICCS050211;NR;NO,11901 ,12014 ,10858 ,9318 ,7953 ,6634 ,6586 ,5365 ,4468 ,4057 ,4062 
A;ICCS050211;NR;PL,17669 ,17271 ,16539 ,16575 ,16230 ,18234 ,17083 ,15310 ,14340 ,12449 ,10971 
A;ICCS050211;NR;PT,25274 ,22539 ,20310 ,19500 ,15900 ,14799 ,13723 ,12017 ,11531 ,10254 ,9864 
A;ICCS050211;NR;RO,2355 ,2967 ,2531 ,1881 ,1627 ,2892 ,5428 ,4659 ,1364 ,2927 ,2088 
A;ICCS050211;NR;RS,4083 ,3295 ,3282 ,3370 ,2761 ,2219 ,1895 ,1690 ,1504 ,1571 ,1282 
A;ICCS050211;NR;SE,44717 ,40359 ,35009 ,34471 ,28926 ,27724 ,27060 ,26516 ,25184 ,24064 ,21803 
A;ICCS050211;NR;SI,582 ,586 ,534 ,528 ,539 ,621 ,594 ,775 ,815 ,539 ,542 
A;ICCS050211;NR;SK,4135 ,3779 ,3354 ,2694 ,2546 ,2431 ,2297 ,1932 ,1671 ,1524 ,1339 
A;ICCS050211;NR;TR,: ,30171 ,28359 ,27465 ,31013 ,: ,: ,: ,: ,: ,: 
A;ICCS050211;NR;UKC-L,147238 ,117684 ,106162 ,92056 ,79820 ,75308 ,75637 ,81866 ,97156 ,112023 ,120114 
A;ICCS050211;NR;UKM,11551 ,9304 ,8716 ,7060 ,5731 ,5976 ,5423 ,5028 ,5216 ,5024 ,4950 
A;ICCS050211;NR;UKN,3076 ,2936 ,2823 ,2412 ,2101 ,2121 ,2025 ,1697 ,1560 ,1409 ,1452 
A;ICCS050211;NR;XK,463 ,389 ,339 ,434 ,316 ,386 ,223 ,280 ,295 ,233 ,214 
A;ICCS050211;P_HTHAB;AL,12.56 ,15.83 ,: ,21.58 ,: ,: ,13.84 ,9.57 ,10.32 ,11.44 ,8.78 
A;ICCS050211;P_HTHAB;AT,108.92 ,111.45 ,61.66 ,61.59 ,52.88 ,135.80 ,121.13 ,113.60 ,103.83 ,91.26 ,71.78 
A;ICCS050211;P_HTHAB;BA,44.88 ,45.21 ,42.35 ,28.39 ,34.59 ,: ,: ,: ,: ,: ,: 
A;ICCS050211;P_HTHAB;BE,218.46 ,203.72 ,183.13 ,176.13 ,155.14 ,141.50 ,141.16 ,172.43 ,154.13 ,139.34 ,121.59 
A;ICCS050211;P_HTHAB;BG,61.45 ,59.86 ,53.06 ,43.88 ,42.06 ,49.19 ,51.35 ,49.15 ,38.57 ,28.77 ,24.68 
A;ICCS050211;P_HTHAB;CH,: ,110.36 ,97.66 ,95.81 ,96.67 ,78.39 ,81.16 ,76.78 ,72.63 ,78.82 ,90.05 
A;ICCS050211;P_HTHAB;CY,230.06 ,204.16 ,208.15 ,212.32 ,202.90 ,152.10 ,138.34 ,113.46 ,116.58 ,112.31 ,: 
A;ICCS050211;P_HTHAB;CZ,305.45 ,657.17 ,586.68 ,530.19 ,470.86 ,507.03 ,390.82 ,288.35 ,86.80 ,77.64 ,66.23 
A;ICCS050211;P_HTHAB;DE,108.29 ,106.94 ,93.06 ,88.31 ,79.69 ,73.93 ,72.31 ,69.66 ,72.57 ,65.58 ,60.92 
A;ICCS050211;P_HTHAB;DK,13.61 ,14.06 ,9.97 ,8.20 ,6.00 ,5.14 ,5.05 ,4.06 ,4.22 ,3.79 ,4.00 
A;ICCS050211;P_HTHAB;EE,77.33 ,69.92 ,65.25 ,56.56 ,46.78 ,41.43 ,45.37 ,38.41 ,28.34 ,25.77 ,21.30 
A;ICCS050211;P_HTHAB;EL,212.91 ,240.73 ,248.10 ,633.95 ,281.12 ,261.73 ,228.67 ,244.28 ,242.77 ,315.99 ,223.15 
A;ICCS050211;P_HTHAB;ES,201.88 ,168.47 ,141.27 ,111.00 ,100.66 ,88.81 ,78.40 ,67.03 ,68.21 ,70.70 ,64.69 
A;ICCS050211;P_HTHAB;FI,260.4 ,228.8 ,228.4 ,222.9 ,163.2 ,146.70 ,142.61 ,135.82 ,122.14 ,110.84 ,105.09 
A;ICCS050211;P_HTHAB;FR,330.41 ,323.15 ,302.15 ,287.52 ,273.19 ,264.07 ,256.41 ,252.78 ,241.93 ,: ,: 
A;ICCS050211;P_HTHAB;HR,44.69 ,42.42 ,32.12 ,30.65 ,26.71 ,20.32 ,14.91 ,17.99 ,21.24 ,20.56 ,22.48 
A;ICCS050211;P_HTHAB;HU,79.46 ,79.90 ,58.58 ,61.72 ,69.68 ,57.44 ,48.63 ,32.22 ,: ,: ,: 
A;ICCS050211;P_HTHAB;IE,324.40 ,294.40 ,255.39 ,229.29 ,184.99 ,160.29 ,167.41 ,104.80 ,72.04 ,72.32 ,77.47 
A;ICCS050211;P_HTHAB;IS,135.36 ,170.96 ,141.67 ,139.11 ,104.83 ,74.26 ,120.37 ,144.33 ,132.02 ,23.35 ,22.38 
A;ICCS050211;P_HTHAB;IT,392.07 ,361.70 ,333.81 ,334.84 ,330.99 ,307.42 ,290.31 ,272.47 ,258.70 ,240.57 ,233.34 
A;ICCS050211;P_HTHAB;LI,45.25 ,19.67 ,8.36 ,2.77 ,16.45 ,13.57 ,13.47 ,37.47 ,82.40 ,5.29 ,13.12 
A;ICCS050211;P_HTHAB;LT,79.47 ,61.78 ,65.56 ,59.20 ,57.40 ,50.61 ,42.64 ,38.96 ,43.72 ,35.08 ,28.02 
A;ICCS050211;P_HTHAB;LU,71.10 ,84.90 ,83.26 ,89.09 ,70.88 ,425.48 ,407.51 ,53.65 ,42.00 ,48.76 ,48.67 
A;ICCS050211;P_HTHAB;LV,100.60 ,96.91 ,67.96 ,: ,44.50 ,66.56 ,66.10 ,74.67 ,49.52 ,55.48 ,48.75 
A;ICCS050211;P_HTHAB;ME,3.57 ,8.26 ,6.46 ,7.74 ,6.93 ,6.28 ,3.38 ,5.14 ,6.11 ,4.98 ,4.98 
A;ICCS050211;P_HTHAB;MK,28.41 ,29.63 ,25.67 ,23.67 ,18.01 ,24.58 ,26.24 ,: ,: ,: ,: 
A;ICCS050211;P_HTHAB;MT,97.59 ,97.58 ,89.85 ,87.71 ,73.29 ,77.13 ,56.89 ,53.34 ,58.93 ,72.13 ,66.64 
A;ICCS050211;P_HTHAB;NL,132.06 ,132.54 ,244.71 ,245.56 ,234.13 ,229.21 ,222.50 ,212.51 ,184.11 ,162.46 ,161.43 
A;ICCS050211;P_HTHAB;NO,251.23 ,250.33 ,223.50 ,189.38 ,159.51 ,131.33 ,128.94 ,103.84 ,85.75 ,77.15 ,76.70 
A;ICCS050211;P_HTHAB;PL,46.36 ,45.29 ,43.50 ,43.55 ,42.64 ,47.91 ,44.93 ,40.28 ,37.77 ,32.78 ,28.89 
A;ICCS050211;P_HTHAB;PT,239.49 ,213.38 ,192.08 ,184.44 ,150.82 ,141.11 ,131.61 ,115.83 ,111.50 ,99.46 ,95.85 
A;ICCS050211;P_HTHAB;RO,11.41 ,14.52 ,11.79 ,8.78 ,8.10 ,14.45 ,27.21 ,23.45 ,6.90 ,14.90 ,10.69 
A;ICCS050211;P_HTHAB;RS,55.43 ,44.92 ,44.92 ,46.47 ,38.26 ,30.90 ,26.52 ,23.75 ,21.25 ,22.31 ,18.31 
A;ICCS050211;P_HTHAB;SE,486.95 ,436.01 ,374.80 ,366.10 ,305.03 ,290.12 ,280.56 ,272.03 ,255.65 ,240.76 ,215.44 
A;ICCS050211;P_HTHAB;SI,28.95 ,28.83 ,26.09 ,25.75 ,26.22 ,30.16 ,28.82 ,37.57 ,39.48 ,26.09 ,26.22 
A;ICCS050211;P_HTHAB;SK,76.92 ,70.21 ,62.22 ,49.96 ,47.11 ,44.93 ,42.41 ,35.64 ,30.79 ,28.04 ,24.60 
A;ICCS050211;P_HTHAB;TR,: ,42.19 ,39.08 ,37.25 ,41.50 ,: ,: ,: ,: ,: ,: 
A;ICCS050211;P_HTHAB;UKC-L,269.59 ,213.82 ,191.40 ,164.58 ,141.60 ,132.68 ,132.28 ,142.01 ,167.13 ,191.29 ,203.72 
A;ICCS050211;P_HTHAB;UKM,222.74 ,178.34 ,166.13 ,133.70 ,108.00 ,112.33 ,101.60 ,93.87 ,97.01 ,92.78 ,91.04 
A;ICCS050211;P_HTHAB;UKN,173.75 ,164.37 ,156.92 ,133.29 ,115.51 ,116.11 ,110.22 ,91.92 ,84.00 ,75.48 ,77.40 
A;ICCS050211;P_HTHAB;XK,21.50 ,17.84 ,15.35 ,24.19 ,: ,: ,: ,: ,16.65 ,13.06 ,11.90 
A;ICCS0601;NR;AL,653 ,647 ,603 ,740 ,1105 ,1334 ,1776 ,2330 ,3257 ,2087 ,1926 
A;ICCS0601;NR;AT,1980 ,2099 ,2167 ,2320 ,1990 ,27231 ,29164 ,33080 ,36235 ,42610 ,41044 
A;ICCS0601;NR;BA,1519 ,52 ,38 ,54 ,43 ,20 ,70 ,82 ,747 ,767 ,1108 
A;ICCS0601;NR;BE,14854 ,14960 ,14750 ,13825 ,11334 ,11419 ,55132 ,52657 ,55557 ,57978 ,58112 
A;ICCS0601;NR;BG,2857 ,3662 ,3765 ,2859 ,2960 ,3052 ,3239 ,4010 ,4738 ,4989 ,5536 
A;ICCS0601;NR;CH,47590 ,85742 ,89173 ,91211 ,92862 ,97289 ,80986 ,86128 ,83268 ,80074 ,76308 
A;ICCS0601;NR;CY,779 ,706 ,851 ,936 ,1030 ,996 ,1080 ,930 ,876 ,940 ,1142 
A;ICCS0601;NR;CZ,2812 ,3046 ,3010 ,3635 ,3814 ,5117 ,5597 ,5549 ,5567 ,5599 ,5465 
A;ICCS0601;NR;DE,239951 ,235842 ,231007 ,236478 ,237150 ,253525 ,276734 ,282604 ,302594 ,330580 ,350662 
A;ICCS0601;NR;DK,20260 ,19158 ,19587 ,23074 ,23141 ,25782 ,28093 ,24813 ,23683 ,27684 ,30170 
A;ICCS0601;NR;EE,7671 ,4241 ,2977 ,3821 ,4616 ,4638 ,4052 ,4982 ,5653 ,5808 ,4505 
A;ICCS0601;NR;EL,12164 ,12640 ,10451 ,9786 ,10144 ,10473 ,10855 ,10787 ,11086 ,12795 ,13528 
A;ICCS0601;NR;ES,14564 ,14343 ,14391 ,15220 ,14509 ,14296 ,13411 ,12069 ,12448 ,12958 ,14133 
A;ICCS0601;NR;FI,15482 ,18524 ,19724 ,20394 ,20102 ,22656 ,21781 ,23433 ,25121 ,27825 ,29176 
A;ICCS0601;NR;FR,6128 ,6007 ,5869 ,5928 ,5902 ,6455 ,6895 ,7483 ,224170 ,230446 ,230920 
A;ICCS0601;NR;HR,7882 ,7063 ,7784 ,7767 ,7295 ,2683 ,2707 ,2842 ,2838 ,: ,2274 
A;ICCS0601;NR;HU,5464 ,4517 ,5789 ,5989 ,5213 ,5408 ,6123 ,6028 ,5758 ,6462 ,8021 
A;ICCS0601;NR;IE,23356 ,21872 ,19793 ,17572 ,16381 ,15326 ,15863 ,14553 ,15318 ,16290 ,17802 
A;ICCS0601;NR;IS,1461 ,1290 ,1500 ,1733 ,1874 ,2134 ,2350 ,1880 ,1846 ,2169 ,2228 
A;ICCS0601;NR;IT,34082 ,34101 ,32761 ,34034 ,33852 ,33578 ,32718 ,31786 ,35189 ,38339 ,38776 
A;ICCS0601;NR;LI,210 ,357 ,531 ,434 ,257 ,432 ,378 ,276 ,446 ,490 ,713 
A;ICCS0601;NR;LT,1837 ,2189 ,2214 ,2256 ,3006 ,2354 ,2587 ,2524 ,2288 ,2622 ,3220 
A;ICCS0601;NR;LU,1343 ,2232 ,2574 ,2941 ,2583 ,3222 ,4190 ,4675 ,3981 ,2683 ,3003 
A;ICCS0601;NR;LV,2512 ,2307 ,2189 ,1967 ,2750 ,1637 ,2697 ,3529 ,2663 ,2989 ,2607 
A;ICCS0601;NR;ME,460 ,398 ,307 ,316 ,187 ,172 ,179 ,184 ,206 ,231 ,246 
A;ICCS0601;NR;MK,415 ,551 ,578 ,589 ,594 ,: ,22 ,17 ,31 ,: ,: 
A;ICCS0601;NR;MT,180 ,187 ,181 ,178 ,203 ,208 ,192 ,157 ,217 ,310 ,348 
A;ICCS0601;NR;NL,18875 ,18580 ,16715 ,15885 ,16145 ,16085 ,15193 ,13825 ,12675 ,11965 ,12550 
A;ICCS0601;NR;NO,36137 ,37756 ,44015 ,41271 ,44148 ,47286 ,45368 ,41598 ,36184 ,33585 ,31633 
A;ICCS0601;NR;PL,57382 ,68288 ,72375 ,74535 ,76358 ,71939 ,63806 ,55018 ,60449 ,64652 ,60073 
A;ICCS0601;NR;PT,3729 ,4267 ,4555 ,4214 ,4638 ,4650 ,4751 ,5298 ,5746 ,6481 ,6540 
A;ICCS0601;NR;RO,3621 ,3228 ,3852 ,3456 ,2872 ,2459 ,2407 ,4228 ,4003 ,4958 ,7196 
A;ICCS0601;NR;RS,6049 ,5500 ,5573 ,4941 ,4774 ,5648 ,6217 ,5706 ,7020 ,8407 ,10215 
A;ICCS0601;NR;SE,79795 ,82008 ,90070 ,91997 ,97379 ,99175 ,98219 ,96558 ,93547 ,102658 ,106521 
A;ICCS0601;NR;SI,1434 ,2096 ,1756 ,1505 ,1760 ,1712 ,1662 ,1737 ,1437 ,1624 ,1510 
A;ICCS0601;NR;SK,538 ,613 ,624 ,762 ,759 ,1930 ,1609 ,1750 ,1493 ,1480 ,1573 
A;ICCS0601;NR;UKC-L,29885 ,33223 ,32336 ,31316 ,29746 ,29348 ,28139 ,25982 ,25316 ,26574 ,29826 
A;ICCS0601;NR;UKM,10315 ,9901 ,7138 ,6684 ,5431 ,35542 ,36740 ,35375 ,32529 ,32295 ,34714 
A;ICCS0601;NR;UKN,607 ,631 ,742 ,806 ,912 ,4446 ,4950 ,5381 ,5492 ,6246 ,6828 
A;ICCS0601;NR;XK,314 ,364 ,482 ,535 ,554 ,533 ,649 ,401 ,586 ,1328 ,1541 
A;ICCS0601;P_HTHAB;AL,20.60 ,20.32 ,: ,26.13 ,: ,: ,61.32 ,80.74 ,113.26 ,72.55 ,67.10 
A;ICCS0601;P_HTHAB;AT,23.83 ,25.18 ,25.95 ,27.70 ,23.67 ,322.19 ,342.83 ,385.72 ,416.97 ,485.70 ,465.23 
A;ICCS0601;P_HTHAB;BA,39.52 ,1.35 ,0.99 ,1.41 ,1.12 ,: ,: ,: ,: ,: ,: 
A;ICCS0601;P_HTHAB;BE,139.25 ,139.12 ,136.07 ,125.67 ,102.16 ,102.31 ,493.09 ,468.59 ,491.17 ,510.74 ,509.82 
A;ICCS0601;P_HTHAB;BG,38.00 ,49.04 ,50.73 ,38.80 ,40.40 ,41.90 ,44.70 ,55.68 ,66.23 ,70.25 ,78.52 
A;ICCS0601;P_HTHAB;CH,626.72 ,1113.26 ,1145.32 ,1158.95 ,1167.39 ,1210.20 ,994.96 ,1045.54 ,999.96 ,951.05 ,899.42 
A;ICCS0601;P_HTHAB;CY,100.34 ,88.59 ,103.89 ,111.46 ,119.49 ,115.03 ,125.87 ,109.80 ,103.26 ,109.97 ,132.14 
A;ICCS0601;P_HTHAB;CZ,27.19 ,29.22 ,28.77 ,34.66 ,36.30 ,48.66 ,53.24 ,52.66 ,52.75 ,52.93 ,51.51 
A;ICCS0601;P_HTHAB;DE,291.85 ,287.60 ,282.39 ,294.77 ,295.22 ,314.85 ,342.63 ,348.05 ,368.23 ,400.60 ,423.54 
A;ICCS0601;P_HTHAB;DK,369.99 ,347.60 ,353.89 ,414.95 ,414.67 ,460.18 ,499.23 ,438.41 ,414.96 ,481.56 ,521.86 
A;ICCS0601;P_HTHAB;EE,573.13 ,317.50 ,223.28 ,287.36 ,348.32 ,351.32 ,307.95 ,378.90 ,429.58 ,441.46 ,341.51 
A;ICCS0601;P_HTHAB;EL,109.97 ,113.93 ,93.99 ,87.98 ,91.50 ,95.18 ,99.34 ,99.35 ,102.80 ,118.82 ,125.95 
A;ICCS0601;P_HTHAB;ES,31.89 ,31.02 ,30.96 ,32.61 ,30.99 ,30.59 ,28.83 ,25.98 ,26.80 ,27.85 ,30.29 
A;ICCS0601;P_HTHAB;FI,292.08 ,347.78 ,368.57 ,379.40 ,372.17 ,417.49 ,399.56 ,428.25 ,457.80 ,505.61 ,529.21 
A;ICCS0601;P_HTHAB;FR,9.57 ,9.33 ,9.08 ,9.12 ,9.04 ,9.84 ,10.46 ,11.25 ,336.40 ,344.93 ,345.07 
A;ICCS0601;P_HTHAB;HR,182.79 ,163.88 ,180.90 ,181.05 ,170.60 ,62.95 ,63.74 ,67.26 ,67.72 ,: ,55.39 
A;ICCS0601;P_HTHAB;HU,54.39 ,45.03 ,57.81 ,59.98 ,52.49 ,54.58 ,61.99 ,61.16 ,58.57 ,65.96 ,82.03 
A;ICCS0601;P_HTHAB;IE,523.93 ,483.75 ,435.06 ,384.43 ,357.45 ,333.82 ,342.03 ,311.12 ,324.10 ,340.48 ,368.54 
A;ICCS0601;P_HTHAB;IS,463.13 ,403.92 ,472.25 ,544.20 ,586.40 ,663.03 ,721.59 ,571.25 ,555.14 ,641.05 ,639.40 
A;ICCS0601;P_HTHAB;IT,58.11 ,57.80 ,55.35 ,57.33 ,57.00 ,56.26 ,53.83 ,52.28 ,58.00 ,63.28 ,64.11 
A;ICCS0601;P_HTHAB;LI,593.96 ,1003.12 ,1479.36 ,1200.59 ,704.59 ,1172.70 ,1018.07 ,738.64 ,1185.48 ,1295.95 ,1870.70 
A;ICCS0601;P_HTHAB;LT,57.18 ,68.75 ,70.47 ,73.90 ,100.08 ,79.21 ,87.89 ,86.40 ,79.21 ,92.07 ,114.64 
A;ICCS0601;P_HTHAB;LU,277.59 ,452.28 ,512.68 ,574.59 ,492.14 ,599.96 ,762.26 ,830.43 ,690.85 ,454.23 ,498.83 
A;ICCS0601;P_HTHAB;LV,114.61 ,106.67 ,103.23 ,94.81 ,134.49 ,80.89 ,134.75 ,177.69 ,135.25 ,153.27 ,134.77 
A;ICCS0601;P_HTHAB;ME,74.73 ,64.49 ,49.60 ,50.98 ,30.15 ,27.70 ,28.80 ,29.58 ,33.11 ,37.12 ,39.53 
A;ICCS0601;P_HTHAB;MK,20.29 ,26.90 ,28.16 ,28.63 ,28.84 ,: ,1.06 ,0.82 ,1.50 ,: ,: 
A;ICCS0601;P_HTHAB;MT,44.14 ,45.51 ,43.72 ,42.89 ,48.62 ,49.36 ,44.71 ,35.71 ,48.18 ,67.35 ,73.16 
A;ICCS0601;P_HTHAB;NL,115.05 ,112.70 ,100.84 ,95.37 ,96.50 ,95.86 ,90.28 ,81.80 ,74.65 ,70.05 ,73.05 
A;ICCS0601;P_HTHAB;NO,762.84 ,786.70 ,905.99 ,838.78 ,885.46 ,936.12 ,888.18 ,805.15 ,694.41 ,638.70 ,597.34 
A;ICCS0601;P_HTHAB;PL,150.55 ,179.06 ,190.34 ,195.82 ,200.60 ,189.00 ,167.83 ,144.76 ,159.21 ,170.26 ,158.18 
A;ICCS0601;P_HTHAB;PT,35.33 ,40.40 ,43.08 ,39.86 ,43.99 ,44.34 ,45.56 ,51.07 ,55.56 ,62.86 ,63.55 
A;ICCS0601;P_HTHAB;RO,17.55 ,15.79 ,17.95 ,16.14 ,14.29 ,12.28 ,12.07 ,21.28 ,20.26 ,25.24 ,36.84 
A;ICCS0601;P_HTHAB;RS,82.13 ,74.98 ,76.27 ,68.14 ,66.15 ,78.65 ,86.99 ,80.20 ,99.20 ,119.41 ,145.90 
A;ICCS0601;P_HTHAB;SE,868.94 ,885.96 ,964.27 ,977.07 ,1026.89 ,1037.84 ,1018.36 ,990.61 ,949.62 ,1027.08 ,1052.55 
A;ICCS0601;P_HTHAB;SI,71.33 ,103.13 ,85.79 ,73.41 ,85.62 ,83.15 ,80.64 ,84.20 ,69.62 ,78.61 ,73.06 
A;ICCS0601;P_HTHAB;SK,10.01 ,11.39 ,11.58 ,14.13 ,14.04 ,35.67 ,29.71 ,32.28 ,27.51 ,27.23 ,28.90 
A;ICCS0601;P_HTHAB;UKC-L,54.72 ,60.36 ,58.30 ,55.99 ,52.77 ,51.71 ,49.21 ,45.07 ,43.55 ,45.38 ,50.59 
A;ICCS0601;P_HTHAB;UKM,198.90 ,189.79 ,136.05 ,126.58 ,102.35 ,668.07 ,688.34 ,660.41 ,605.01 ,596.43 ,638.49 
A;ICCS0601;P_HTHAB;UKN,34.29 ,35.33 ,41.24 ,44.54 ,50.14 ,243.40 ,269.42 ,291.46 ,295.74 ,334.61 ,363.97 
A;ICCS0601;P_HTHAB;XK,14.58 ,16.69 ,21.83 ,29.82 ,: ,: ,: ,: ,33.08 ,74.46 ,85.68 
